model,dashboard,candidate_project,status,s_data,s_int,data_file_match,compiled_episode_count,error
glm,tableau_dashboard_10115,/root/autodl-tmp/chi26-image2code/samples/glm/tableau_dashboard_10115,error,,,,,"reference episode compilation failed: Build failed for /root/autodl-tmp/chi26-image2code/samples/ours/tableau_dashboard_10115:

> vite_template_tmp@0.0.0 build
> tsc -b && vite build

src/components/Dashboard.tsx(28,25): error TS2339: Property 'env' does not exist on type 'ImportMeta'.
"
glm,tableau_dashboard_10845,/root/autodl-tmp/chi26-image2code/samples/glm/tableau_dashboard_10845,error,,,,,"Build failed for /root/autodl-tmp/chi26-image2code/samples/glm/tableau_dashboard_10845:

> tableau_dashboard_10845@0.0.0 build
> tsc -b && vite build

src/App.tsx(2,21): error TS7016: Could not find a declaration file for module 'd3'. '/root/autodl-tmp/chi26-image2code/samples/glm/tableau_dashboard_10845/node_modules/d3/src/index.js' implicitly has an 'any' type.
  Try `npm i --save-dev @types/d3` if it exists or add a new declaration (.d.ts) file containing `declare module 'd3';`
src/App.tsx(108,41): error TS7006: Parameter 'd' implicitly has an 'any' type.
src/App.tsx(110,36): error TS7006: Parameter 'sum' implicitly has an 'any' type.
src/App.tsx(110,41): error TS7006: Parameter 'row' implicitly has an 'any' type.
src/App.tsx(133,39): error TS7006: Parameter 'd' implicitly has an 'any' type.
src/App.tsx(148,20): error TS7006: Parameter 'd' implicitly has an 'any' type.
src/App.tsx(149,24): error TS7006: Parameter 'd' implicitly has an 'any' type.
src/App.tsx(151,23): error TS7006: Parameter 'd' implicitly has an 'any' type.
src/App.tsx(154,27): error TS7006: Parameter 'd' implicitly has an 'any' type.
src/App.tsx(157,23): error TS6133: 'event' is declared but its value is never read.
src/App.tsx(157,23): error TS7006: Parameter 'event' implicitly has an 'any' type.
src/App.tsx(157,30): error TS7006: Parameter 'd' implicitly has an 'any' type.
src/App.tsx(167,20): error TS7006: Parameter 'd' implicitly has an 'any' type.
src/App.tsx(168,20): error TS7006: Parameter 'd' implicitly has an 'any' type.
src/App.tsx(170,15): error TS7006: Parameter 'd' implicitly has an 'any' type.
src/App.tsx(181,20): error TS7006: Parameter 'd' implicitly has an 'any' type.
src/App.tsx(184,15): error TS7006: Parameter 'd' implicitly has an 'any' type.
src/App.tsx(204,41): error TS7006: Parameter 'd' implicitly has an 'any' type.
src/App.tsx(206,36): error TS7006: Parameter 'sum' implicitly has an 'any' type.
src/App.tsx(206,41): error TS7006: Parameter 'row' implicitly has an 'any' type.
src/App.tsx(229,39): error TS7006: Parameter 'd' implicitly has an 'any' type.
src/App.tsx(244,20): error TS7006: Parameter 'd' implicitly has an 'any' type.
src/App.tsx(245,24): error TS7006: Parameter 'd' implicitly has an 'any' type.
src/App.tsx(247,23): error TS7006: Parameter 'd' implicitly has an 'any' type.
src/App.tsx(250,27): error TS7006: Parameter 'd' implicitly has an 'any' type.
src/App.tsx(253,23): error TS6133: 'event' is declared but its value is never read.
src/App.tsx(253,23): error TS7006: Parameter 'event' implicitly has an 'any' type.
src/App.tsx(253,30): error TS7006: Parameter 'd' implicitly has an 'any' type.
src/App.tsx(263,20): error TS7006: Parameter 'd' implicitly has an 'any' type.
src/App.tsx(264,20): error TS7006: Parameter 'd' implicitly has an 'any' type.
src/App.tsx(266,15): error TS7006: Parameter 'd' implicitly has an 'any' type.
src/App.tsx(277,20): error TS7006: Parameter 'd' implicitly has an 'any' type.
src/App.tsx(280,15): error TS7006: Parameter 'd' implicitly has an 'any' type.
src/App.tsx(300,41): error TS7006: Parameter 'd' implicitly has an 'any' type.
src/App.tsx(302,36): error TS7006: Parameter 'sum' implicitly has an 'any' type.
src/App.tsx(302,41): error TS7006: Parameter 'row' implicitly has an 'any' type.
src/App.tsx(325,39): error TS7006: Parameter 'd' implicitly has an 'any' type.
src/App.tsx(329,7): error TS2304: Cannot find name 'svg'.
src/App.tsx(334,20): error TS7006: Parameter 'd' implicitly has an 'any' type.
src/App.tsx(335,20): error TS7006: Parameter 'd' implicitly has an 'any' type.
src/App.tsx(337,25): error TS7006: Parameter 'd' implicitly has an 'any' type.
src/App.tsx(338,23): error TS7006: Parameter 'd' implicitly has an 'any' type.
src/App.tsx(341,27): error TS7006: Parameter 'd' implicitly has an 'any' type.
src/App.tsx(344,23): error TS6133: 'event' is declared but its value is never read.
src/App.tsx(344,23): error TS7006: Parameter 'event' implicitly has an 'any' type.
src/App.tsx(344,30): error TS7006: Parameter 'd' implicitly has an 'any' type.
src/App.tsx(349,7): error TS2304: Cannot find name 'svg'.
src/App.tsx(354,20): error TS7006: Parameter 'd' implicitly has an 'any' type.
src/App.tsx(355,20): error TS7006: Parameter 'd' implicitly has an 'any' type.
src/App.tsx(357,15): error TS7006: Parameter 'd' implicitly has an 'any' type.
src/App.tsx(362,7): error TS2304: Cannot find name 'svg'.
src/App.tsx(367,20): error TS7006: Parameter 'd' implicitly has an 'any' type.
src/App.tsx(370,15): error TS7006: Parameter 'd' implicitly has an 'any' type.
src/App.tsx(390,41): error TS7006: Parameter 'd' implicitly has an 'any' type.
src/App.tsx(392,36): error TS7006: Parameter 'sum' implicitly has an 'any' type.
src/App.tsx(392,41): error TS7006: Parameter 'row' implicitly has an 'any' type.
src/App.tsx(415,39): error TS7006: Parameter 'd' implicitly has an 'any' type.
src/App.tsx(429,20): error TS7006: Parameter 'd' implicitly has an 'any' type.
src/App.tsx(430,20): error TS7006: Parameter 'd' implicitly has an 'any' type.
src/App.tsx(432,25): error TS7006: Parameter 'd' implicitly has an 'any' type.
src/App.tsx(433,23): error TS7006: Parameter 'd' implicitly has an 'any' type.
src/App.tsx(436,27): error TS7006: Parameter 'd' implicitly has an 'any' type.
src/App.tsx(439,23): error TS6133: 'event' is declared but its value is never read.
src/App.tsx(439,23): error TS7006: Parameter 'event' implicitly has an 'any' type.
src/App.tsx(439,30): error TS7006: Parameter 'd' implicitly has an 'any' type.
src/App.tsx(449,20): error TS7006: Parameter 'd' implicitly has an 'any' type.
src/App.tsx(450,20): error TS7006: Parameter 'd' implicitly has an 'any' type.
src/App.tsx(452,15): error TS7006: Parameter 'd' implicitly has an 'any' type.
src/App.tsx(462,20): error TS7006: Parameter 'd' implicitly has an 'any' type.
src/App.tsx(465,15): error TS7006: Parameter 'd' implicitly has an 'any' type.
"
glm,tableau_dashboard_1107_1,/root/autodl-tmp/chi26-image2code/samples/glm/tableau_dashboard_1107_1,ok,0.0,0.0,False,1,
glm,tableau_dashboard_1107_3,/root/autodl-tmp/chi26-image2code/samples/glm/tableau_dashboard_1107_3,error,,,,,"reference episode compilation failed: Build failed for /root/autodl-tmp/chi26-image2code/samples/ours/tableau_dashboard_1107_3:

> vite_template_tmp@0.0.0 build
> tsc -b && vite build

src/services/dataService.ts(67,21): error TS2339: Property 'env' does not exist on type 'ImportMeta'.
src/services/dataService.ts(244,21): error TS2339: Property 'env' does not exist on type 'ImportMeta'.
"
glm,tableau_dashboard_121,/root/autodl-tmp/chi26-image2code/samples/glm/tableau_dashboard_121,error,,,,,"Build failed for /root/autodl-tmp/chi26-image2code/samples/glm/tableau_dashboard_121:

> tableau_dashboard_121@0.0.0 build
> tsc -b && vite build

src/components/charts/BarChart.tsx(2,21): error TS7016: Could not find a declaration file for module 'd3'. '/root/autodl-tmp/chi26-image2code/samples/glm/tableau_dashboard_121/node_modules/d3/src/index.js' implicitly has an 'any' type.
  Try `npm i --save-dev @types/d3` if it exists or add a new declaration (.d.ts) file containing `declare module 'd3';`
src/components/charts/BarChart.tsx(3,10): error TS1484: 'DataRow' is a type and must be imported using a type-only import when 'verbatimModuleSyntax' is enabled.
src/components/charts/BarChart.tsx(40,7): error TS7006: Parameter 'v' implicitly has an 'any' type.
src/components/charts/BarChart.tsx(40,22): error TS7006: Parameter 'd' implicitly has an 'any' type.
src/components/charts/BarChart.tsx(41,7): error TS7006: Parameter 'd' implicitly has an 'any' type.
src/components/charts/BarChart.tsx(45,23): error TS18046: 'b' is of type 'unknown'.
src/components/charts/BarChart.tsx(45,30): error TS18046: 'a' is of type 'unknown'.
src/components/charts/BarChart.tsx(61,35): error TS18046: 'd' is of type 'unknown'.
src/components/charts/BarChart.tsx(66,38): error TS7006: Parameter 'd' implicitly has an 'any' type.
src/components/charts/BarChart.tsx(74,18): error TS7006: Parameter 'd' implicitly has an 'any' type.
src/components/charts/BarChart.tsx(78,21): error TS7006: Parameter 'd' implicitly has an 'any' type.
src/components/charts/BarChart.tsx(79,21): error TS6133: 'event' is declared but its value is never read.
src/components/charts/BarChart.tsx(79,21): error TS7006: Parameter 'event' implicitly has an 'any' type.
src/components/charts/BarChart.tsx(79,28): error TS7006: Parameter 'd' implicitly has an 'any' type.
src/components/charts/BarChart.tsx(85,33): error TS6133: 'event' is declared but its value is never read.
src/components/charts/BarChart.tsx(85,33): error TS7006: Parameter 'event' implicitly has an 'any' type.
src/components/charts/BarChart.tsx(85,40): error TS7006: Parameter 'd' implicitly has an 'any' type.
src/components/charts/BarChart.tsx(86,19): error TS2683: 'this' implicitly has type 'any' because it does not have a type annotation.
src/components/charts/BarChart.tsx(103,32): error TS6133: 'event' is declared but its value is never read.
src/components/charts/BarChart.tsx(103,32): error TS7006: Parameter 'event' implicitly has an 'any' type.
src/components/charts/BarChart.tsx(103,39): error TS7006: Parameter 'd' implicitly has an 'any' type.
src/components/charts/BarChart.tsx(104,19): error TS2683: 'this' implicitly has type 'any' because it does not have a type annotation.
src/components/charts/BarChart.tsx(116,22): error TS7006: Parameter 'd' implicitly has an 'any' type.
src/components/charts/BarChart.tsx(123,18): error TS7006: Parameter 'd' implicitly has an 'any' type.
src/components/charts/BarChart.tsx(127,13): error TS7006: Parameter 'd' implicitly has an 'any' type.
src/components/charts/BarChart.tsx(136,18): error TS7006: Parameter 'd' implicitly has an 'any' type.
src/components/charts/BarChart.tsx(137,18): error TS7006: Parameter 'd' implicitly has an 'any' type.
src/components/charts/BarChart.tsx(140,13): error TS7006: Parameter 'd' implicitly has an 'any' type.
src/components/charts/BarChart.tsx(147,50): error TS7006: Parameter 'd' implicitly has an 'any' type.
src/components/charts/HighlightTable.tsx(2,21): error TS7016: Could not find a declaration file for module 'd3'. '/root/autodl-tmp/chi26-image2code/samples/glm/tableau_dashboard_121/node_modules/d3/src/index.js' implicitly has an 'any' type.
  Try `npm i --save-dev @types/d3` if it exists or add a new declaration (.d.ts) file containing `declare module 'd3';`
src/components/charts/HighlightTable.tsx(3,10): error TS1484: 'DataRow' is a type and must be imported using a type-only import when 'verbatimModuleSyntax' is enabled.
src/components/charts/HighlightTable.tsx(40,7): error TS7006: Parameter 'v' implicitly has an 'any' type.
src/components/charts/HighlightTable.tsx(41,26): error TS7006: Parameter 'd' implicitly has an 'any' type.
src/components/charts/HighlightTable.tsx(42,27): error TS7006: Parameter 'd' implicitly has an 'any' type.
src/components/charts/HighlightTable.tsx(45,7): error TS7006: Parameter 'd' implicitly has an 'any' type.
src/components/charts/HighlightTable.tsx(46,7): error TS7006: Parameter 'd' implicitly has an 'any' type.
src/components/charts/HighlightTable.tsx(52,43): error TS18046: 'marketData' is of type 'unknown'.
src/components/charts/HighlightTable.tsx(78,11): error TS6133: 'cells' is declared but its value is never read.
src/components/charts/HighlightTable.tsx(83,13): error TS7006: Parameter 'd' implicitly has an 'any' type.
src/components/charts/HighlightTable.tsx(85,53): error TS2345: Argument of type '([subCat, values]: [any, any]) => { market: any; subCategory: any; values: any; }' is not assignable to parameter of type '(value: unknown, index: number, array: unknown[]) => { market: any; subCategory: any; values: any; }'.
  Types of parameters '__0' and 'value' are incompatible.
    Type 'unknown' is not assignable to type '[any, any]'.
src/components/charts/HighlightTable.tsx(93,18): error TS7006: Parameter 'd' implicitly has an 'any' type.
src/components/charts/HighlightTable.tsx(94,18): error TS7006: Parameter 'd' implicitly has an 'any' type.
src/components/charts/HighlightTable.tsx(97,21): error TS7006: Parameter 'd' implicitly has an 'any' type.
src/components/charts/HighlightTable.tsx(105,33): error TS6133: 'event' is declared but its value is never read.
src/components/charts/HighlightTable.tsx(105,33): error TS7006: Parameter 'event' implicitly has an 'any' type.
src/components/charts/HighlightTable.tsx(105,40): error TS7006: Parameter 'd' implicitly has an 'any' type.
src/components/charts/HighlightTable.tsx(106,19): error TS2683: 'this' implicitly has type 'any' because it does not have a type annotation.
src/components/charts/HighlightTable.tsx(120,32): error TS6133: 'event' is declared but its value is never read.
src/components/charts/HighlightTable.tsx(120,32): error TS7006: Parameter 'event' implicitly has an 'any' type.
src/components/charts/HighlightTable.tsx(120,39): error TS7006: Parameter 'd' implicitly has an 'any' type.
src/components/charts/HighlightTable.tsx(121,19): error TS2683: 'this' implicitly has type 'any' because it does not have a type annotation.
src/components/charts/HighlightTable.tsx(136,13): error TS7006: Parameter 'd' implicitly has an 'any' type.
src/components/charts/HighlightTable.tsx(138,53): error TS2345: Argument of type '([subCat, values]: [any, any]) => { market: any; subCategory: any; values: any; }' is not assignable to parameter of type '(value: unknown, index: number, array: unknown[]) => { market: any; subCategory: any; values: any; }'.
  Types of parameters '__0' and 'value' are incompatible.
    Type 'unknown' is not assignable to type '[any, any]'.
src/components/charts/HighlightTable.tsx(146,18): error TS7006: Parameter 'd' implicitly has an 'any' type.
src/components/charts/HighlightTable.tsx(147,18): error TS7006: Parameter 'd' implicitly has an 'any' type.
src/components/charts/HighlightTable.tsx(150,13): error TS7006: Parameter 'd' implicitly has an 'any' type.
src/components/charts/HighlightTable.tsx(185,12): error TS2322: Type 'RefObject<HTMLDivElement | null>' is not assignable to type 'Ref<SVGSVGElement> | undefined'.
  Type 'RefObject<HTMLDivElement | null>' is not assignable to type 'RefObject<SVGSVGElement | null>'.
    Type 'HTMLDivElement | null' is not assignable to type 'SVGSVGElement | null'.
      Type 'HTMLDivElement' is missing the following properties from type 'SVGSVGElement': currentScale, currentTranslate, height, width, and 55 more.
src/components/charts/LineChart.tsx(2,21): error TS7016: Could not find a declaration file for module 'd3'. '/root/autodl-tmp/chi26-image2code/samples/glm/tableau_dashboard_121/node_modules/d3/src/index.js' implicitly has an 'any' type.
  Try `npm i --save-dev @types/d3` if it exists or add a new declaration (.d.ts) file containing `declare module 'd3';`
src/components/charts/LineChart.tsx(3,10): error TS1484: 'DataRow' is a type and must be imported using a type-only import when 'verbatimModuleSyntax' is enabled.
src/components/charts/LineChart.tsx(40,7): error TS7006: Parameter 'v' implicitly has an 'any' type.
src/components/charts/LineChart.tsx(40,22): error TS7006: Parameter 'd' implicitly has an 'any' type.
src/components/charts/LineChart.tsx(41,7): error TS7006: Parameter 'd' implicitly has an 'any' type.
src/components/charts/LineChart.tsx(48,13): error TS2345: Argument of type '([a]: [any], [b]: [any]) => any' is not assignable to parameter of type '(a: unknown, b: unknown) => number'.
  Types of parameters '__0' and 'a' are incompatible.
    Type 'unknown' is not assignable to type '[any]'.
src/components/charts/LineChart.tsx(64,35): error TS18046: 'd' is of type 'unknown'.
src/components/charts/LineChart.tsx(69,38): error TS7006: Parameter 'd' implicitly has an 'any' type.
src/components/charts/LineChart.tsx(74,10): error TS7006: Parameter 'd' implicitly has an 'any' type.
src/components/charts/LineChart.tsx(75,10): error TS7006: Parameter 'd' implicitly has an 'any' type.
src/components/charts/LineChart.tsx(79,10): error TS7006: Parameter 'd' implicitly has an 'any' type.
src/components/charts/LineChart.tsx(81,11): error TS7006: Parameter 'd' implicitly has an 'any' type.
src/components/charts/LineChart.tsx(98,11): error TS6133: 'dots' is declared but its value is never read.
src/components/charts/LineChart.tsx(102,19): error TS7006: Parameter 'd' implicitly has an 'any' type.
src/components/charts/LineChart.tsx(103,19): error TS7006: Parameter 'd' implicitly has an 'any' type.
src/components/charts/LineChart.tsx(108,33): error TS6133: 'event' is declared but its value is never read.
src/components/charts/LineChart.tsx(108,33): error TS7006: Parameter 'event' implicitly has an 'any' type.
src/components/charts/LineChart.tsx(108,40): error TS7006: Parameter 'd' implicitly has an 'any' type.
src/components/charts/LineChart.tsx(109,19): error TS2683: 'this' implicitly has type 'any' because it does not have a type annotation.
src/components/charts/LineChart.tsx(125,32): error TS6133: 'event' is declared but its value is never read.
src/components/charts/LineChart.tsx(125,32): error TS7006: Parameter 'event' implicitly has an 'any' type.
src/components/charts/LineChart.tsx(125,39): error TS6133: 'd' is declared but its value is never read.
src/components/charts/LineChart.tsx(125,39): error TS7006: Parameter 'd' implicitly has an 'any' type.
src/components/charts/LineChart.tsx(126,19): error TS2683: 'this' implicitly has type 'any' because it does not have a type annotation.
src/components/charts/LineChart.tsx(140,18): error TS7006: Parameter 'd' implicitly has an 'any' type.
src/components/charts/LineChart.tsx(141,18): error TS7006: Parameter 'd' implicitly has an 'any' type.
src/components/charts/LineChart.tsx(144,13): error TS7006: Parameter 'd' implicitly has an 'any' type.
src/components/charts/Scatterplot.tsx(2,21): error TS7016: Could not find a declaration file for module 'd3'. '/root/autodl-tmp/chi26-image2code/samples/glm/tableau_dashboard_121/node_modules/d3/src/index.js' implicitly has an 'any' type.
  Try `npm i --save-dev @types/d3` if it exists or add a new declaration (.d.ts) file containing `declare module 'd3';`
src/components/charts/Scatterplot.tsx(3,10): error TS1484: 'DataRow' is a type and must be imported using a type-only import when 'verbatimModuleSyntax' is enabled.
src/components/charts/Scatterplot.tsx(61,39): error TS7006: Parameter 'd' implicitly has an 'any' type.
src/components/charts/Scatterplot.tsx(65,36): error TS7006: Parameter 'd' implicitly has an 'any' type.
src/components/charts/Scatterplot.tsx(65,77): error TS7006: Parameter 'd' implicitly has an 'any' type.
src/components/charts/Scatterplot.tsx(74,11): error TS6133: 'points' is declared but its value is never read.
src/components/charts/Scatterplot.tsx(78,19): error TS7006: Parameter 'd' implicitly has an 'any' type.
src/components/charts/Scatterplot.tsx(79,19): error TS7006: Parameter 'd' implicitly has an 'any' type.
src/components/charts/Scatterplot.tsx(81,21): error TS7006: Parameter 'd' implicitly has an 'any' type.
src/components/charts/Scatterplot.tsx(83,33): error TS6133: 'event' is declared but its value is never read.
src/components/charts/Scatterplot.tsx(83,33): error TS7006: Parameter 'event' implicitly has an 'any' type.
src/components/charts/Scatterplot.tsx(83,40): error TS7006: Parameter 'd' implicitly has an 'any' type.
src/components/charts/Scatterplot.tsx(84,19): error TS2683: 'this' implicitly has type 'any' because it does not have a type annotation.
src/components/charts/Scatterplot.tsx(99,32): error TS6133: 'event' is declared but its value is never read.
src/components/charts/Scatterplot.tsx(99,32): error TS7006: Parameter 'event' implicitly has an 'any' type.
src/components/charts/Scatterplot.tsx(99,39): error TS6133: 'd' is declared but its value is never read.
src/components/charts/Scatterplot.tsx(99,39): error TS7006: Parameter 'd' implicitly has an 'any' type.
src/components/charts/Scatterplot.tsx(100,19): error TS2683: 'this' implicitly has type 'any' because it does not have a type annotation.
src/components/charts/Scatterplot.tsx(113,50): error TS7006: Parameter 'd' implicitly has an 'any' type.
src/components/charts/Scatterplot.tsx(118,48): error TS7006: Parameter 'd' implicitly has an 'any' type.
src/components/charts/Scatterplot.tsx(158,27): error TS6133: 'd' is declared but its value is never read.
src/components/charts/Scatterplot.tsx(158,27): error TS7006: Parameter 'd' implicitly has an 'any' type.
src/components/charts/Scatterplot.tsx(158,30): error TS7006: Parameter 'i' implicitly has an 'any' type.
src/components/charts/Scatterplot.tsx(163,21): error TS7006: Parameter 'd' implicitly has an 'any' type.
src/components/charts/Scatterplot.tsx(170,13): error TS7006: Parameter 'd' implicitly has an 'any' type.
src/data/loader.ts(1,1): error TS6133: 'd3' is declared but its value is never read.
src/data/loader.ts(1,21): error TS7016: Could not find a declaration file for module 'd3'. '/root/autodl-tmp/chi26-image2code/samples/glm/tableau_dashboard_121/node_modules/d3/src/index.js' implicitly has an 'any' type.
  Try `npm i --save-dev @types/d3` if it exists or add a new declaration (.d.ts) file containing `declare module 'd3';`
"
glm,tableau_dashboard_1223_2,/root/autodl-tmp/chi26-image2code/samples/glm/tableau_dashboard_1223_2,ok,0.0,0.0,False,0,
glm,tableau_dashboard_1225,/root/autodl-tmp/chi26-image2code/samples/glm/tableau_dashboard_1225,error,,,,,"Build failed for /root/autodl-tmp/chi26-image2code/samples/glm/tableau_dashboard_1225:

> tableau_dashboard_1225@0.0.0 build
> tsc -b && vite build

src/App.tsx(5,10): error TS1484: 'DashboardState' is a type and must be imported using a type-only import when 'verbatimModuleSyntax' is enabled.
src/App.tsx(5,26): error TS1484: 'WorksheetData' is a type and must be imported using a type-only import when 'verbatimModuleSyntax' is enabled.
src/App.tsx(5,26): error TS6133: 'WorksheetData' is declared but its value is never read.
src/App.tsx(72,11): error TS6133: 'categoryData' is declared but its value is never read.
src/App.tsx(135,15): error TS2322: Type '{ year: string; profit: number; }[] | undefined' is not assignable to type 'ChartData[]'.
  Type 'undefined' is not assignable to type 'ChartData[]'.
src/App.tsx(148,15): error TS2322: Type '{ subCategory: string; profit: number; }[] | undefined' is not assignable to type 'ChartData[]'.
  Type 'undefined' is not assignable to type 'ChartData[]'.
src/App.tsx(162,15): error TS2322: Type '{ year: string; sales: number; }[] | undefined' is not assignable to type 'ChartData[]'.
  Type 'undefined' is not assignable to type 'ChartData[]'.
src/App.tsx(175,15): error TS2322: Type '{ subCategory: string; sales: number; }[] | undefined' is not assignable to type 'ChartData[]'.
  Type 'undefined' is not assignable to type 'ChartData[]'.
src/components/BarChart.tsx(3,10): error TS1484: 'ChartProps' is a type and must be imported using a type-only import when 'verbatimModuleSyntax' is enabled.
src/components/BarChart.tsx(74,11): error TS6133: 'bars' is declared but its value is never read.
src/components/BarChart.tsx(90,21): error TS6133: 'event' is declared but its value is never read.
src/components/HorizontalBarChart.tsx(3,10): error TS1484: 'ChartProps' is a type and must be imported using a type-only import when 'verbatimModuleSyntax' is enabled.
src/components/HorizontalBarChart.tsx(72,11): error TS6133: 'bars' is declared but its value is never read.
src/components/HorizontalBarChart.tsx(88,21): error TS6133: 'event' is declared but its value is never read.
src/components/HorizontalBarChart.tsx(93,25): error TS6133: 'event' is declared but its value is never read.
"
glm,tableau_dashboard_1229,/root/autodl-tmp/chi26-image2code/samples/glm/tableau_dashboard_1229,ok,0.0,0.0,True,0,
glm,tableau_dashboard_1230,/root/autodl-tmp/chi26-image2code/samples/glm/tableau_dashboard_1230,ok,0.0,0.0,True,0,
glm,tableau_dashboard_1378_1,/root/autodl-tmp/chi26-image2code/samples/glm/tableau_dashboard_1378_1,error,,,,,"Build failed for /root/autodl-tmp/chi26-image2code/samples/glm/tableau_dashboard_1378_1:

> tableau_dashboard_1378_1@0.0.1 build
> tsc -b && vite build

src/App.tsx(2,10): error TS1484: 'DashboardState' is a type and must be imported using a type-only import when 'verbatimModuleSyntax' is enabled.
src/App.tsx(2,26): error TS1484: 'WorksheetData' is a type and must be imported using a type-only import when 'verbatimModuleSyntax' is enabled.
src/App.tsx(2,41): error TS1484: 'HighlightState' is a type and must be imported using a type-only import when 'verbatimModuleSyntax' is enabled.
src/App.tsx(2,41): error TS6133: 'HighlightState' is declared but its value is never read.
src/App.tsx(4,10): error TS2614: Module '""./charts/NumberRecordsPerDiagnosis""' has no exported member 'NumberRecordsPerDiagnosis'. Did you mean to use 'import NumberRecordsPerDiagnosis from ""./charts/NumberRecordsPerDiagnosis""' instead?
src/App.tsx(5,10): error TS2614: Module '""./charts/TotalDischargesVsDiagnosis""' has no exported member 'TotalDischargesVsDiagnosis'. Did you mean to use 'import TotalDischargesVsDiagnosis from ""./charts/TotalDischargesVsDiagnosis""' instead?
src/charts/NumberRecordsPerDiagnosis.tsx(2,21): error TS7016: Could not find a declaration file for module 'd3'. '/root/autodl-tmp/chi26-image2code/samples/glm/tableau_dashboard_1378_1/node_modules/d3/src/index.js' implicitly has an 'any' type.
  Try `npm i --save-dev @types/d3` if it exists or add a new declaration (.d.ts) file containing `declare module 'd3';`
src/charts/NumberRecordsPerDiagnosis.tsx(3,10): error TS1484: 'ProcessedData' is a type and must be imported using a type-only import when 'verbatimModuleSyntax' is enabled.
src/charts/NumberRecordsPerDiagnosis.tsx(3,25): error TS1484: 'ChartData' is a type and must be imported using a type-only import when 'verbatimModuleSyntax' is enabled.
src/charts/NumberRecordsPerDiagnosis.tsx(3,36): error TS1484: 'HighlightState' is a type and must be imported using a type-only import when 'verbatimModuleSyntax' is enabled.
src/charts/NumberRecordsPerDiagnosis.tsx(3,36): error TS6133: 'HighlightState' is declared but its value is never read.
src/charts/NumberRecordsPerDiagnosis.tsx(51,37): error TS7006: Parameter 'd' implicitly has an 'any' type.
src/charts/NumberRecordsPerDiagnosis.tsx(66,11): error TS6133: 'bars' is declared but its value is never read.
src/charts/NumberRecordsPerDiagnosis.tsx(71,18): error TS7006: Parameter 'd' implicitly has an 'any' type.
src/charts/NumberRecordsPerDiagnosis.tsx(72,18): error TS7006: Parameter 'd' implicitly has an 'any' type.
src/charts/NumberRecordsPerDiagnosis.tsx(74,23): error TS7006: Parameter 'd' implicitly has an 'any' type.
src/charts/NumberRecordsPerDiagnosis.tsx(75,21): error TS7006: Parameter 'd' implicitly has an 'any' type.
src/charts/NumberRecordsPerDiagnosis.tsx(79,21): error TS6133: 'event' is declared but its value is never read.
src/charts/NumberRecordsPerDiagnosis.tsx(79,21): error TS7006: Parameter 'event' implicitly has an 'any' type.
src/charts/NumberRecordsPerDiagnosis.tsx(79,28): error TS7006: Parameter 'd' implicitly has an 'any' type.
src/charts/NumberRecordsPerDiagnosis.tsx(88,33): error TS6133: 'event' is declared but its value is never read.
src/charts/NumberRecordsPerDiagnosis.tsx(88,33): error TS7006: Parameter 'event' implicitly has an 'any' type.
src/charts/NumberRecordsPerDiagnosis.tsx(88,40): error TS6133: 'd' is declared but its value is never read.
src/charts/NumberRecordsPerDiagnosis.tsx(88,40): error TS7006: Parameter 'd' implicitly has an 'any' type.
src/charts/NumberRecordsPerDiagnosis.tsx(89,19): error TS2683: 'this' implicitly has type 'any' because it does not have a type annotation.
src/charts/NumberRecordsPerDiagnosis.tsx(93,32): error TS6133: 'event' is declared but its value is never read.
src/charts/NumberRecordsPerDiagnosis.tsx(93,32): error TS7006: Parameter 'event' implicitly has an 'any' type.
src/charts/NumberRecordsPerDiagnosis.tsx(93,39): error TS7006: Parameter 'd' implicitly has an 'any' type.
src/charts/NumberRecordsPerDiagnosis.tsx(94,19): error TS2683: 'this' implicitly has type 'any' because it does not have a type annotation.
src/charts/NumberRecordsPerDiagnosis.tsx(105,18): error TS7006: Parameter 'd' implicitly has an 'any' type.
src/charts/NumberRecordsPerDiagnosis.tsx(106,18): error TS7006: Parameter 'd' implicitly has an 'any' type.
src/charts/NumberRecordsPerDiagnosis.tsx(108,13): error TS7006: Parameter 'd' implicitly has an 'any' type.
src/charts/TotalDischargesVsDiagnosis.tsx(2,21): error TS7016: Could not find a declaration file for module 'd3'. '/root/autodl-tmp/chi26-image2code/samples/glm/tableau_dashboard_1378_1/node_modules/d3/src/index.js' implicitly has an 'any' type.
  Try `npm i --save-dev @types/d3` if it exists or add a new declaration (.d.ts) file containing `declare module 'd3';`
src/charts/TotalDischargesVsDiagnosis.tsx(3,10): error TS1484: 'ProcessedData' is a type and must be imported using a type-only import when 'verbatimModuleSyntax' is enabled.
src/charts/TotalDischargesVsDiagnosis.tsx(3,25): error TS1484: 'BarChartData' is a type and must be imported using a type-only import when 'verbatimModuleSyntax' is enabled.
src/charts/TotalDischargesVsDiagnosis.tsx(3,39): error TS1484: 'HighlightState' is a type and must be imported using a type-only import when 'verbatimModuleSyntax' is enabled.
src/charts/TotalDischargesVsDiagnosis.tsx(3,39): error TS6133: 'HighlightState' is declared but its value is never read.
src/charts/TotalDischargesVsDiagnosis.tsx(49,37): error TS7006: Parameter 'd' implicitly has an 'any' type.
src/charts/TotalDischargesVsDiagnosis.tsx(64,11): error TS6133: 'bars' is declared but its value is never read.
src/charts/TotalDischargesVsDiagnosis.tsx(69,18): error TS7006: Parameter 'd' implicitly has an 'any' type.
src/charts/TotalDischargesVsDiagnosis.tsx(70,18): error TS7006: Parameter 'd' implicitly has an 'any' type.
src/charts/TotalDischargesVsDiagnosis.tsx(72,23): error TS7006: Parameter 'd' implicitly has an 'any' type.
src/charts/TotalDischargesVsDiagnosis.tsx(73,21): error TS7006: Parameter 'd' implicitly has an 'any' type.
src/charts/TotalDischargesVsDiagnosis.tsx(77,33): error TS6133: 'event' is declared but its value is never read.
src/charts/TotalDischargesVsDiagnosis.tsx(77,33): error TS7006: Parameter 'event' implicitly has an 'any' type.
src/charts/TotalDischargesVsDiagnosis.tsx(77,40): error TS6133: 'd' is declared but its value is never read.
src/charts/TotalDischargesVsDiagnosis.tsx(77,40): error TS7006: Parameter 'd' implicitly has an 'any' type.
src/charts/TotalDischargesVsDiagnosis.tsx(78,19): error TS2683: 'this' implicitly has type 'any' because it does not have a type annotation.
src/charts/TotalDischargesVsDiagnosis.tsx(82,32): error TS6133: 'event' is declared but its value is never read.
src/charts/TotalDischargesVsDiagnosis.tsx(82,32): error TS7006: Parameter 'event' implicitly has an 'any' type.
src/charts/TotalDischargesVsDiagnosis.tsx(82,39): error TS7006: Parameter 'd' implicitly has an 'any' type.
src/charts/TotalDischargesVsDiagnosis.tsx(83,19): error TS2683: 'this' implicitly has type 'any' because it does not have a type annotation.
src/charts/TotalDischargesVsDiagnosis.tsx(94,18): error TS7006: Parameter 'd' implicitly has an 'any' type.
src/charts/TotalDischargesVsDiagnosis.tsx(95,18): error TS7006: Parameter 'd' implicitly has an 'any' type.
src/charts/TotalDischargesVsDiagnosis.tsx(97,13): error TS7006: Parameter 'd' implicitly has an 'any' type.
src/utils/dataLoader.ts(1,10): error TS1484: 'CSVRow' is a type and must be imported using a type-only import when 'verbatimModuleSyntax' is enabled.
src/utils/dataLoader.ts(1,18): error TS1484: 'WorksheetData' is a type and must be imported using a type-only import when 'verbatimModuleSyntax' is enabled.
src/utils/dataLoader.ts(1,33): error TS1484: 'ProcessedData' is a type and must be imported using a type-only import when 'verbatimModuleSyntax' is enabled.
"
glm,tableau_dashboard_1378_2,/root/autodl-tmp/chi26-image2code/samples/glm/tableau_dashboard_1378_2,ok,0.0,0.0,True,1,
glm,tableau_dashboard_1473_2,/root/autodl-tmp/chi26-image2code/samples/glm/tableau_dashboard_1473_2,error,,,,,"Build failed for /root/autodl-tmp/chi26-image2code/samples/glm/tableau_dashboard_1473_2:

> tableau-dashboard-1473-2@0.0.0 build
> vite build

vite v4.5.14 building for production...
transforming...
✓ 2 modules transformed.
✓ built in 47ms
[vite:esbuild] Transform failed with 1 error:
/root/autodl-tmp/chi26-image2code/samples/glm/tableau_dashboard_1473_2/src/main.tsx:34:39: ERROR: Expected "")"" but found ""\""\\\"").map(v => v.replace(/(^\""""
file: /root/autodl-tmp/chi26-image2code/samples/glm/tableau_dashboard_1473_2/src/main.tsx:34:39

Expected "")"" but found ""\""\\\"").map(v => v.replace(/(^\""""
32 |          const rows = text.split(""\\n"").slice(1).filter(row => row.trim());
33 |          const parsedData = rows.map(row => {
34 |            const values = row.split(""\\""""\"").map(v => v.replace(/(^""|""$)/g, """"));
   |                                         ^
35 |            return {
36 |              tripduration: parseFloat(values[1]),

error during build:
Error: Transform failed with 1 error:
/root/autodl-tmp/chi26-image2code/samples/glm/tableau_dashboard_1473_2/src/main.tsx:34:39: ERROR: Expected "")"" but found ""\""\\\"").map(v => v.replace(/(^\""""
    at failureErrorWithLog (/root/autodl-tmp/chi26-image2code/samples/glm/tableau_dashboard_1473_2/node_modules/esbuild/lib/main.js:1649:15)
    at /root/autodl-tmp/chi26-image2code/samples/glm/tableau_dashboard_1473_2/node_modules/esbuild/lib/main.js:847:29
    at responseCallbacks.<computed> (/root/autodl-tmp/chi26-image2code/samples/glm/tableau_dashboard_1473_2/node_modules/esbuild/lib/main.js:703:9)
    at handleIncomingPacket (/root/autodl-tmp/chi26-image2code/samples/glm/tableau_dashboard_1473_2/node_modules/esbuild/lib/main.js:762:9)
    at Socket.readFromStdout (/root/autodl-tmp/chi26-image2code/samples/glm/tableau_dashboard_1473_2/node_modules/esbuild/lib/main.js:679:7)
    at Socket.emit (node:events:524:28)
    at addChunk (node:internal/streams/readable:561:12)
    at readableAddChunkPushByteMode (node:internal/streams/readable:512:3)
    at Readable.push (node:internal/streams/readable:392:5)
    at Pipe.onStreamRead (node:internal/stream_base_commons:191:23)
"
glm,tableau_dashboard_147_1,/root/autodl-tmp/chi26-image2code/samples/glm/tableau_dashboard_147_1,error,,,,,"Build failed for /root/autodl-tmp/chi26-image2code/samples/glm/tableau_dashboard_147_1:

> tableau_dashboard_147_1@0.0.0 build
> tsc -b && vite build

src/App.tsx(34,23): error TS6133: 'prev' is declared but its value is never read.
src/App.tsx(41,23): error TS6133: 'prev' is declared but its value is never read.
src/components/Bottom10Stations.tsx(2,21): error TS7016: Could not find a declaration file for module 'd3'. '/root/autodl-tmp/chi26-image2code/samples/glm/tableau_dashboard_147_1/node_modules/d3/src/index.js' implicitly has an 'any' type.
  Try `npm i --save-dev @types/d3` if it exists or add a new declaration (.d.ts) file containing `declare module 'd3';`
src/components/Bottom10Stations.tsx(3,25): error TS6196: 'StationData' is declared but never used.
src/components/Bottom10Stations.tsx(31,42): error TS7006: Parameter 'd' implicitly has an 'any' type.
src/components/Bottom10Stations.tsx(48,18): error TS7006: Parameter 'd' implicitly has an 'any' type.
src/components/Bottom10Stations.tsx(49,22): error TS7006: Parameter 'd' implicitly has an 'any' type.
src/components/Bottom10Stations.tsx(51,21): error TS7006: Parameter 'd' implicitly has an 'any' type.
src/components/Bottom10Stations.tsx(52,24): error TS7006: Parameter 'd' implicitly has an 'any' type.
src/components/Bottom10Stations.tsx(55,21): error TS6133: 'event' is declared but its value is never read.
src/components/Bottom10Stations.tsx(55,21): error TS7006: Parameter 'event' implicitly has an 'any' type.
src/components/Bottom10Stations.tsx(55,28): error TS7006: Parameter 'd' implicitly has an 'any' type.
src/components/Bottom10Stations.tsx(58,25): error TS7006: Parameter 'event' implicitly has an 'any' type.
src/components/Bottom10Stations.tsx(58,32): error TS6133: 'd' is declared but its value is never read.
src/components/Bottom10Stations.tsx(58,32): error TS7006: Parameter 'd' implicitly has an 'any' type.
src/components/Bottom10Stations.tsx(63,24): error TS7006: Parameter 'event' implicitly has an 'any' type.
src/components/Bottom10Stations.tsx(63,31): error TS7006: Parameter 'd' implicitly has an 'any' type.
src/components/Bottom10Stations.tsx(75,18): error TS7006: Parameter 'd' implicitly has an 'any' type.
src/components/Bottom10Stations.tsx(76,18): error TS7006: Parameter 'd' implicitly has an 'any' type.
src/components/Bottom10Stations.tsx(78,13): error TS7006: Parameter 'd' implicitly has an 'any' type.
src/components/EndStationMap.tsx(2,21): error TS7016: Could not find a declaration file for module 'd3'. '/root/autodl-tmp/chi26-image2code/samples/glm/tableau_dashboard_147_1/node_modules/d3/src/index.js' implicitly has an 'any' type.
  Try `npm i --save-dev @types/d3` if it exists or add a new declaration (.d.ts) file containing `declare module 'd3';`
src/components/EndStationMap.tsx(40,51): error TS7006: Parameter 'd' implicitly has an 'any' type.
src/components/EndStationMap.tsx(41,51): error TS7006: Parameter 'd' implicitly has an 'any' type.
src/components/EndStationMap.tsx(54,44): error TS7006: Parameter 'd' implicitly has an 'any' type.
src/components/EndStationMap.tsx(61,19): error TS7006: Parameter 'd' implicitly has an 'any' type.
src/components/EndStationMap.tsx(62,19): error TS7006: Parameter 'd' implicitly has an 'any' type.
src/components/EndStationMap.tsx(63,18): error TS7006: Parameter 'd' implicitly has an 'any' type.
src/components/EndStationMap.tsx(64,21): error TS7006: Parameter 'd' implicitly has an 'any' type.
src/components/EndStationMap.tsx(68,21): error TS6133: 'event' is declared but its value is never read.
src/components/EndStationMap.tsx(68,21): error TS7006: Parameter 'event' implicitly has an 'any' type.
src/components/EndStationMap.tsx(68,28): error TS7006: Parameter 'd' implicitly has an 'any' type.
src/components/EndStationMap.tsx(71,25): error TS7006: Parameter 'event' implicitly has an 'any' type.
src/components/EndStationMap.tsx(71,32): error TS7006: Parameter 'd' implicitly has an 'any' type.
src/components/EndStationMap.tsx(76,24): error TS7006: Parameter 'event' implicitly has an 'any' type.
src/components/EndStationMap.tsx(76,31): error TS7006: Parameter 'd' implicitly has an 'any' type.
src/components/Top10Stations.tsx(2,21): error TS7016: Could not find a declaration file for module 'd3'. '/root/autodl-tmp/chi26-image2code/samples/glm/tableau_dashboard_147_1/node_modules/d3/src/index.js' implicitly has an 'any' type.
  Try `npm i --save-dev @types/d3` if it exists or add a new declaration (.d.ts) file containing `declare module 'd3';`
src/components/Top10Stations.tsx(3,25): error TS6196: 'StationData' is declared but never used.
src/components/Top10Stations.tsx(31,39): error TS7006: Parameter 'd' implicitly has an 'any' type.
src/components/Top10Stations.tsx(48,18): error TS7006: Parameter 'd' implicitly has an 'any' type.
src/components/Top10Stations.tsx(49,22): error TS7006: Parameter 'd' implicitly has an 'any' type.
src/components/Top10Stations.tsx(51,21): error TS7006: Parameter 'd' implicitly has an 'any' type.
src/components/Top10Stations.tsx(52,24): error TS7006: Parameter 'd' implicitly has an 'any' type.
src/components/Top10Stations.tsx(55,21): error TS6133: 'event' is declared but its value is never read.
src/components/Top10Stations.tsx(55,21): error TS7006: Parameter 'event' implicitly has an 'any' type.
src/components/Top10Stations.tsx(55,28): error TS7006: Parameter 'd' implicitly has an 'any' type.
src/components/Top10Stations.tsx(58,25): error TS7006: Parameter 'event' implicitly has an 'any' type.
src/components/Top10Stations.tsx(58,32): error TS6133: 'd' is declared but its value is never read.
src/components/Top10Stations.tsx(58,32): error TS7006: Parameter 'd' implicitly has an 'any' type.
src/components/Top10Stations.tsx(63,24): error TS7006: Parameter 'event' implicitly has an 'any' type.
src/components/Top10Stations.tsx(63,31): error TS7006: Parameter 'd' implicitly has an 'any' type.
src/components/Top10Stations.tsx(75,18): error TS7006: Parameter 'd' implicitly has an 'any' type.
src/components/Top10Stations.tsx(76,18): error TS7006: Parameter 'd' implicitly has an 'any' type.
src/components/Top10Stations.tsx(78,13): error TS7006: Parameter 'd' implicitly has an 'any' type.
"
glm,tableau_dashboard_1497,/root/autodl-tmp/chi26-image2code/samples/glm/tableau_dashboard_1497,error,,,,,"Build failed for /root/autodl-tmp/chi26-image2code/samples/glm/tableau_dashboard_1497:

> tableau_dashboard_1497@1.0.0 build
> tsc -b && vite build

src/components/D3Chart.tsx(87,48): error TS1005: ']' expected.
"
glm,tableau_dashboard_160,/root/autodl-tmp/chi26-image2code/samples/glm/tableau_dashboard_160,error,,,,,"reference episode compilation failed: Page.wait_for_selector: Timeout 15000ms exceeded.
Call log:
  - waiting for locator(""svg, canvas"") to be visible
"
glm,tableau_dashboard_1664,/root/autodl-tmp/chi26-image2code/samples/glm/tableau_dashboard_1664,error,,,,,"Build failed for /root/autodl-tmp/chi26-image2code/samples/glm/tableau_dashboard_1664:

> tableau_dashboard_1664@0.0.0 build
> tsc -b && vite build

src/App.tsx(98,13): error TS2322: Type 'MarsData[]' is not assignable to type 'Sheet3DataPoint[]'.
  Property 'avg_temp' is missing in type 'MarsData' but required in type 'Sheet3DataPoint'.
src/App.tsx(105,13): error TS2322: Type 'MarsData[]' is not assignable to type 'Sheet4DataPoint[]'.
  Property 'avg_pressure' is missing in type 'MarsData' but required in type 'Sheet4DataPoint'.
src/charts/BaseChart.tsx(39,8): error TS2554: Expected 2 arguments, but got 1.
src/charts/BaseChart.tsx(41,21): error TS2769: No overload matches this call.
  Overload 1 of 3, '(format: null): Axis<NumberValue>', gave the following error.
    Argument of type '""""' is not assignable to parameter of type 'null'.
  Overload 2 of 3, '(format: (domainValue: NumberValue, index: number) => string): Axis<NumberValue>', gave the following error.
    Argument of type 'string' is not assignable to parameter of type '(domainValue: NumberValue, index: number) => string'.
src/charts/BaseChart.tsx(45,8): error TS2554: Expected 2 arguments, but got 1.
src/charts/BaseChart.tsx(47,21): error TS2769: No overload matches this call.
  Overload 1 of 3, '(format: null): Axis<NumberValue>', gave the following error.
    Argument of type '""""' is not assignable to parameter of type 'null'.
  Overload 2 of 3, '(format: (domainValue: NumberValue, index: number) => string): Axis<NumberValue>', gave the following error.
    Argument of type 'string' is not assignable to parameter of type '(domainValue: NumberValue, index: number) => string'.
src/charts/Sheet1Chart.tsx(28,10): error TS6133: 'tooltip' is declared but its value is never read.
src/charts/Sheet1Chart.tsx(68,8): error TS2554: Expected 2 arguments, but got 1.
src/charts/Sheet1Chart.tsx(70,21): error TS2769: No overload matches this call.
  Overload 1 of 3, '(format: null): Axis<NumberValue>', gave the following error.
    Argument of type '""""' is not assignable to parameter of type 'null'.
  Overload 2 of 3, '(format: (domainValue: NumberValue, index: number) => string): Axis<NumberValue>', gave the following error.
    Argument of type 'string' is not assignable to parameter of type '(domainValue: NumberValue, index: number) => string'.
src/charts/Sheet1Chart.tsx(74,8): error TS2554: Expected 2 arguments, but got 1.
src/charts/Sheet1Chart.tsx(76,21): error TS2769: No overload matches this call.
  Overload 1 of 3, '(format: null): Axis<NumberValue>', gave the following error.
    Argument of type '""""' is not assignable to parameter of type 'null'.
  Overload 2 of 3, '(format: (domainValue: NumberValue, index: number) => string): Axis<NumberValue>', gave the following error.
    Argument of type 'string' is not assignable to parameter of type '(domainValue: NumberValue, index: number) => string'.
src/charts/Sheet1Chart.tsx(111,21): error TS6133: 'event' is declared but its value is never read.
src/charts/Sheet1Chart.tsx(146,9): error TS6133: 'handleMouseMove' is declared but its value is never read.
src/charts/Sheet1Chart.tsx(155,9): error TS6133: 'handleMouseLeave' is declared but its value is never read.
src/charts/Sheet2Chart.tsx(24,10): error TS6133: 'tooltip' is declared but its value is never read.
src/charts/Sheet2Chart.tsx(63,8): error TS2554: Expected 2 arguments, but got 1.
src/charts/Sheet2Chart.tsx(65,21): error TS2769: No overload matches this call.
  Overload 1 of 3, '(format: null): Axis<NumberValue>', gave the following error.
    Argument of type '""""' is not assignable to parameter of type 'null'.
  Overload 2 of 3, '(format: (domainValue: NumberValue, index: number) => string): Axis<NumberValue>', gave the following error.
    Argument of type 'string' is not assignable to parameter of type '(domainValue: NumberValue, index: number) => string'.
src/charts/Sheet2Chart.tsx(69,8): error TS2554: Expected 2 arguments, but got 1.
src/charts/Sheet2Chart.tsx(71,21): error TS2769: No overload matches this call.
  Overload 1 of 3, '(format: null): Axis<NumberValue>', gave the following error.
    Argument of type '""""' is not assignable to parameter of type 'null'.
  Overload 2 of 3, '(format: (domainValue: NumberValue, index: number) => string): Axis<NumberValue>', gave the following error.
    Argument of type 'string' is not assignable to parameter of type '(domainValue: NumberValue, index: number) => string'.
src/charts/Sheet2Chart.tsx(138,9): error TS6133: 'handleMouseMove' is declared but its value is never read.
src/charts/Sheet2Chart.tsx(147,9): error TS6133: 'handleMouseLeave' is declared but its value is never read.
src/charts/Sheet3Chart.tsx(20,10): error TS6133: 'tooltip' is declared but its value is never read.
src/charts/Sheet3Chart.tsx(42,23): error TS2339: Property 'max_temp' does not exist on type 'Sheet3DataPoint'.
src/charts/Sheet3Chart.tsx(74,8): error TS2554: Expected 2 arguments, but got 1.
src/charts/Sheet3Chart.tsx(76,21): error TS2769: No overload matches this call.
  Overload 1 of 3, '(format: null): Axis<string>', gave the following error.
    Argument of type '""""' is not assignable to parameter of type 'null'.
  Overload 2 of 3, '(format: (domainValue: string, index: number) => string): Axis<string>', gave the following error.
    Argument of type 'string' is not assignable to parameter of type '(domainValue: string, index: number) => string'.
src/charts/Sheet3Chart.tsx(80,8): error TS2554: Expected 2 arguments, but got 1.
src/charts/Sheet3Chart.tsx(82,21): error TS2769: No overload matches this call.
  Overload 1 of 3, '(format: null): Axis<NumberValue>', gave the following error.
    Argument of type '""""' is not assignable to parameter of type 'null'.
  Overload 2 of 3, '(format: (domainValue: NumberValue, index: number) => string): Axis<NumberValue>', gave the following error.
    Argument of type 'string' is not assignable to parameter of type '(domainValue: NumberValue, index: number) => string'.
src/charts/Sheet3Chart.tsx(149,9): error TS6133: 'handleMouseMove' is declared but its value is never read.
src/charts/Sheet3Chart.tsx(158,9): error TS6133: 'handleMouseLeave' is declared but its value is never read.
src/charts/Sheet4Chart.tsx(20,10): error TS6133: 'tooltip' is declared but its value is never read.
src/charts/Sheet4Chart.tsx(42,27): error TS2339: Property 'pressure' does not exist on type 'Sheet4DataPoint'.
src/charts/Sheet4Chart.tsx(74,8): error TS2554: Expected 2 arguments, but got 1.
src/charts/Sheet4Chart.tsx(76,21): error TS2769: No overload matches this call.
  Overload 1 of 3, '(format: null): Axis<string>', gave the following error.
    Argument of type '""""' is not assignable to parameter of type 'null'.
  Overload 2 of 3, '(format: (domainValue: string, index: number) => string): Axis<string>', gave the following error.
    Argument of type 'string' is not assignable to parameter of type '(domainValue: string, index: number) => string'.
src/charts/Sheet4Chart.tsx(80,8): error TS2554: Expected 2 arguments, but got 1.
src/charts/Sheet4Chart.tsx(82,21): error TS2769: No overload matches this call.
  Overload 1 of 3, '(format: null): Axis<NumberValue>', gave the following error.
    Argument of type '""""' is not assignable to parameter of type 'null'.
  Overload 2 of 3, '(format: (domainValue: NumberValue, index: number) => string): Axis<NumberValue>', gave the following error.
    Argument of type 'string' is not assignable to parameter of type '(domainValue: NumberValue, index: number) => string'.
src/charts/Sheet4Chart.tsx(149,9): error TS6133: 'handleMouseMove' is declared but its value is never read.
src/charts/Sheet4Chart.tsx(158,9): error TS6133: 'handleMouseLeave' is declared but its value is never read.
src/charts/Sheet5Chart.tsx(26,10): error TS6133: 'tooltip' is declared but its value is never read.
src/charts/Sheet5Chart.tsx(71,8): error TS2554: Expected 2 arguments, but got 1.
src/charts/Sheet5Chart.tsx(73,21): error TS2769: No overload matches this call.
  Overload 1 of 3, '(format: null): Axis<NumberValue>', gave the following error.
    Argument of type '""""' is not assignable to parameter of type 'null'.
  Overload 2 of 3, '(format: (domainValue: NumberValue, index: number) => string): Axis<NumberValue>', gave the following error.
    Argument of type 'string' is not assignable to parameter of type '(domainValue: NumberValue, index: number) => string'.
src/charts/Sheet5Chart.tsx(77,8): error TS2554: Expected 2 arguments, but got 1.
src/charts/Sheet5Chart.tsx(79,21): error TS2769: No overload matches this call.
  Overload 1 of 3, '(format: null): Axis<NumberValue>', gave the following error.
    Argument of type '""""' is not assignable to parameter of type 'null'.
  Overload 2 of 3, '(format: (domainValue: NumberValue, index: number) => string): Axis<NumberValue>', gave the following error.
    Argument of type 'string' is not assignable to parameter of type '(domainValue: NumberValue, index: number) => string'.
src/charts/Sheet5Chart.tsx(222,9): error TS6133: 'handleMouseMove' is declared but its value is never read.
src/charts/Sheet5Chart.tsx(231,9): error TS6133: 'handleMouseLeave' is declared but its value is never read.
src/services/DataService.ts(77,19): error TS6133: 'filters' is declared but its value is never read.
"
glm,tableau_dashboard_1665,/root/autodl-tmp/chi26-image2code/samples/glm/tableau_dashboard_1665,error,,,,,"Build failed for /root/autodl-tmp/chi26-image2code/samples/glm/tableau_dashboard_1665:

> tableau_dashboard_1665@0.0.0 build
> tsc -b && vite build

src/App.tsx(2,21): error TS7016: Could not find a declaration file for module 'd3'. '/root/autodl-tmp/chi26-image2code/samples/glm/tableau_dashboard_1665/node_modules/d3/src/index.js' implicitly has an 'any' type.
  Try `npm i --save-dev @types/d3` if it exists or add a new declaration (.d.ts) file containing `declare module 'd3';`
src/App.tsx(42,46): error TS7006: Parameter 'row' implicitly has an 'any' type.
src/components/MeanRecognizabilityChart.tsx(2,21): error TS7016: Could not find a declaration file for module 'd3'. '/root/autodl-tmp/chi26-image2code/samples/glm/tableau_dashboard_1665/node_modules/d3/src/index.js' implicitly has an 'any' type.
  Try `npm i --save-dev @types/d3` if it exists or add a new declaration (.d.ts) file containing `declare module 'd3';`
src/components/MeanRecognizabilityChart.tsx(75,18): error TS7006: Parameter 'd' implicitly has an 'any' type.
src/components/MeanRecognizabilityChart.tsx(77,18): error TS7006: Parameter 'd' implicitly has an 'any' type.
src/components/MeanRecognizabilityChart.tsx(78,23): error TS7006: Parameter 'd' implicitly has an 'any' type.
src/components/MeanRecognizabilityChart.tsx(81,21): error TS6133: 'event' is declared but its value is never read.
src/components/MeanRecognizabilityChart.tsx(81,21): error TS7006: Parameter 'event' implicitly has an 'any' type.
src/components/MeanRecognizabilityChart.tsx(81,28): error TS7006: Parameter 'd' implicitly has an 'any' type.
src/components/MeanRecognizabilityChart.tsx(86,28): error TS7006: Parameter 'd' implicitly has an 'any' type.
src/components/MillenialsVsGenZsChart.tsx(2,21): error TS7016: Could not find a declaration file for module 'd3'. '/root/autodl-tmp/chi26-image2code/samples/glm/tableau_dashboard_1665/node_modules/d3/src/index.js' implicitly has an 'any' type.
  Try `npm i --save-dev @types/d3` if it exists or add a new declaration (.d.ts) file containing `declare module 'd3';`
src/components/MillenialsVsGenZsChart.tsx(80,18): error TS7006: Parameter 'd' implicitly has an 'any' type.
src/components/MillenialsVsGenZsChart.tsx(82,18): error TS7006: Parameter 'd' implicitly has an 'any' type.
src/components/MillenialsVsGenZsChart.tsx(83,23): error TS7006: Parameter 'd' implicitly has an 'any' type.
src/components/MillenialsVsGenZsChart.tsx(86,21): error TS6133: 'event' is declared but its value is never read.
src/components/MillenialsVsGenZsChart.tsx(86,21): error TS7006: Parameter 'event' implicitly has an 'any' type.
src/components/MillenialsVsGenZsChart.tsx(86,28): error TS7006: Parameter 'd' implicitly has an 'any' type.
src/components/MillenialsVsGenZsChart.tsx(95,18): error TS7006: Parameter 'd' implicitly has an 'any' type.
src/components/MillenialsVsGenZsChart.tsx(97,18): error TS7006: Parameter 'd' implicitly has an 'any' type.
src/components/MillenialsVsGenZsChart.tsx(98,23): error TS7006: Parameter 'd' implicitly has an 'any' type.
src/components/MillenialsVsGenZsChart.tsx(101,21): error TS6133: 'event' is declared but its value is never read.
src/components/MillenialsVsGenZsChart.tsx(101,21): error TS7006: Parameter 'event' implicitly has an 'any' type.
src/components/MillenialsVsGenZsChart.tsx(101,28): error TS7006: Parameter 'd' implicitly has an 'any' type.
src/components/MillenialsVsGenZsChart.tsx(106,39): error TS7006: Parameter 'd' implicitly has an 'any' type.
src/components/MillenialsVsGenZsChart.tsx(109,33): error TS7006: Parameter 'd' implicitly has an 'any' type.
src/components/NumberOfSongsChart.tsx(2,21): error TS7016: Could not find a declaration file for module 'd3'. '/root/autodl-tmp/chi26-image2code/samples/glm/tableau_dashboard_1665/node_modules/d3/src/index.js' implicitly has an 'any' type.
  Try `npm i --save-dev @types/d3` if it exists or add a new declaration (.d.ts) file containing `declare module 'd3';`
src/components/NumberOfSongsChart.tsx(42,37): error TS7006: Parameter 'd' implicitly has an 'any' type.
src/components/NumberOfSongsChart.tsx(77,22): error TS7006: Parameter 'd' implicitly has an 'any' type.
src/components/NumberOfSongsChart.tsx(78,18): error TS7006: Parameter 'd' implicitly has an 'any' type.
src/components/NumberOfSongsChart.tsx(82,21): error TS6133: 'event' is declared but its value is never read.
src/components/NumberOfSongsChart.tsx(82,21): error TS7006: Parameter 'event' implicitly has an 'any' type.
src/components/NumberOfSongsChart.tsx(82,28): error TS7006: Parameter 'd' implicitly has an 'any' type.
src/components/NumberOfSongsChart.tsx(85,24): error TS6133: 'event' is declared but its value is never read.
src/components/NumberOfSongsChart.tsx(85,24): error TS7006: Parameter 'event' implicitly has an 'any' type.
src/components/NumberOfSongsChart.tsx(85,31): error TS7006: Parameter 'd' implicitly has an 'any' type.
src/components/NumberOfSongsChart.tsx(90,28): error TS7006: Parameter 'd' implicitly has an 'any' type.
src/components/NumberOfSongsVsRecognizabilityChart.tsx(2,21): error TS7016: Could not find a declaration file for module 'd3'. '/root/autodl-tmp/chi26-image2code/samples/glm/tableau_dashboard_1665/node_modules/d3/src/index.js' implicitly has an 'any' type.
  Try `npm i --save-dev @types/d3` if it exists or add a new declaration (.d.ts) file containing `declare module 'd3';`
src/components/NumberOfSongsVsRecognizabilityChart.tsx(42,37): error TS7006: Parameter 'd' implicitly has an 'any' type.
src/components/NumberOfSongsVsRecognizabilityChart.tsx(75,19): error TS7006: Parameter 'd' implicitly has an 'any' type.
src/components/NumberOfSongsVsRecognizabilityChart.tsx(76,19): error TS7006: Parameter 'd' implicitly has an 'any' type.
src/components/NumberOfSongsVsRecognizabilityChart.tsx(80,21): error TS6133: 'event' is declared but its value is never read.
src/components/NumberOfSongsVsRecognizabilityChart.tsx(80,21): error TS7006: Parameter 'event' implicitly has an 'any' type.
src/components/NumberOfSongsVsRecognizabilityChart.tsx(80,28): error TS7006: Parameter 'd' implicitly has an 'any' type.
src/components/NumberOfSongsVsRecognizabilityChart.tsx(85,31): error TS7006: Parameter 'd' implicitly has an 'any' type.
src/components/RecognizabilityByAgeChart.tsx(2,21): error TS7016: Could not find a declaration file for module 'd3'. '/root/autodl-tmp/chi26-image2code/samples/glm/tableau_dashboard_1665/node_modules/d3/src/index.js' implicitly has an 'any' type.
  Try `npm i --save-dev @types/d3` if it exists or add a new declaration (.d.ts) file containing `declare module 'd3';`
src/components/RecognizabilityByAgeChart.tsx(74,12): error TS7006: Parameter 'd' implicitly has an 'any' type.
src/components/RecognizabilityByAgeChart.tsx(75,12): error TS7006: Parameter 'd' implicitly has an 'any' type.
src/components/RecognizabilityByAgeChart.tsx(79,16): error TS2352: Conversion of type 'string' to type 'number' may be a mistake because neither type sufficiently overlaps with the other. If this was intentional, convert the expression to 'unknown' first.
src/components/RecognizabilityByAgeChart.tsx(94,21): error TS7006: Parameter 'd' implicitly has an 'any' type.
src/components/RecognizabilityByAgeChart.tsx(95,21): error TS7006: Parameter 'd' implicitly has an 'any' type.
src/components/RecognizabilityByAgeChart.tsx(98,23): error TS6133: 'event' is declared but its value is never read.
src/components/RecognizabilityByAgeChart.tsx(98,23): error TS7006: Parameter 'event' implicitly has an 'any' type.
src/components/RecognizabilityByAgeChart.tsx(98,30): error TS6133: 'd' is declared but its value is never read.
src/components/RecognizabilityByAgeChart.tsx(98,30): error TS7006: Parameter 'd' implicitly has an 'any' type.
src/components/RecognizabilityByAgeChart.tsx(107,14): error TS7006: Parameter 'd' implicitly has an 'any' type.
src/components/RecognizabilityByAgeChart.tsx(108,14): error TS7006: Parameter 'd' implicitly has an 'any' type.
src/components/RecognizabilityByAgeChart.tsx(112,18): error TS2352: Conversion of type 'string' to type 'number' may be a mistake because neither type sufficiently overlaps with the other. If this was intentional, convert the expression to 'unknown' first.
src/components/RecognizabilityByAgeChart.tsx(127,23): error TS7006: Parameter 'd' implicitly has an 'any' type.
src/components/RecognizabilityByAgeChart.tsx(128,23): error TS7006: Parameter 'd' implicitly has an 'any' type.
src/data.ts(1,10): error TS1484: 'DashboardData' is a type and must be imported using a type-only import when 'verbatimModuleSyntax' is enabled.
src/data.ts(1,25): error TS1484: 'ArtistData' is a type and must be imported using a type-only import when 'verbatimModuleSyntax' is enabled.
src/data.ts(8,24): error TS2304: Cannot find name 'd3'.
"
glm,tableau_dashboard_1968,/root/autodl-tmp/chi26-image2code/samples/glm/tableau_dashboard_1968,error,,,,,"Build failed for /root/autodl-tmp/chi26-image2code/samples/glm/tableau_dashboard_1968:

> tableau_dashboard_1968@0.0.0 build
> tsc -b && vite build

src/App.tsx(2,1): error TS6133: 'D3Chart' is declared but its value is never read.
src/App.tsx(2,10): error TS2614: Module '""./components/D3Chart""' has no exported member 'D3Chart'. Did you mean to use 'import D3Chart from ""./components/D3Chart""' instead?
src/App.tsx(3,10): error TS2614: Module '""./components/CustomerOverview""' has no exported member 'CustomerOverview'. Did you mean to use 'import CustomerOverview from ""./components/CustomerOverview""' instead?
src/App.tsx(4,10): error TS2614: Module '""./components/CustomerRank""' has no exported member 'CustomerRank'. Did you mean to use 'import CustomerRank from ""./components/CustomerRank""' instead?
src/App.tsx(5,10): error TS2614: Module '""./components/SalesAndProfitByCustomers""' has no exported member 'SalesAndProfitByCustomers'. Did you mean to use 'import SalesAndProfitByCustomers from ""./components/SalesAndProfitByCustomers""' instead?
src/App.tsx(6,10): error TS1484: 'DashboardState' is a type and must be imported using a type-only import when 'verbatimModuleSyntax' is enabled.
src/App.tsx(6,26): error TS1484: 'DashboardAction' is a type and must be imported using a type-only import when 'verbatimModuleSyntax' is enabled.
src/App.tsx(6,43): error TS1484: 'HighlightBinding' is a type and must be imported using a type-only import when 'verbatimModuleSyntax' is enabled.
src/App.tsx(49,34): error TS6133: 'worksheetId' is declared but its value is never read.
src/components/CustomerOverview.tsx(3,10): error TS1484: 'WorksheetProps' is a type and must be imported using a type-only import when 'verbatimModuleSyntax' is enabled.
src/components/CustomerOverview.tsx(70,21): error TS6133: 'event' is declared but its value is never read.
src/components/CustomerOverview.tsx(77,25): error TS6133: 'event' is declared but its value is never read.
src/components/CustomerRank.tsx(3,10): error TS1484: 'WorksheetProps' is a type and must be imported using a type-only import when 'verbatimModuleSyntax' is enabled.
src/components/CustomerRank.tsx(65,21): error TS6133: 'event' is declared but its value is never read.
src/components/CustomerRank.tsx(72,25): error TS6133: 'event' is declared but its value is never read.
src/components/SalesAndProfitByCustomers.tsx(3,10): error TS1484: 'WorksheetProps' is a type and must be imported using a type-only import when 'verbatimModuleSyntax' is enabled.
src/components/SalesAndProfitByCustomers.tsx(71,21): error TS6133: 'event' is declared but its value is never read.
src/components/SalesAndProfitByCustomers.tsx(78,25): error TS6133: 'event' is declared but its value is never read.
src/components/SalesAndProfitByCustomers.tsx(101,21): error TS6133: 'event' is declared but its value is never read.
src/components/SalesAndProfitByCustomers.tsx(108,25): error TS6133: 'event' is declared but its value is never read.
"
glm,tableau_dashboard_1979,/root/autodl-tmp/chi26-image2code/samples/glm/tableau_dashboard_1979,error,,,,,"reference episode compilation failed: Build failed for /root/autodl-tmp/chi26-image2code/samples/ours/tableau_dashboard_1979:

> vite_template_tmp@0.0.0 build
> tsc -b && vite build

src/App.tsx(5,1): error TS6133: 'React' is declared but its value is never read.
src/components/charts/BreakdownPieChart.tsx(6,8): error TS6133: 'React' is declared but its value is never read.
src/components/charts/BreakdownPieChart.tsx(118,20): error TS2345: Argument of type 'Arc<any, DefaultArcObject>' is not assignable to parameter of type 'string | number | boolean | readonly (string | number)[] | ValueFn<SVGPathElement, PieArcDatum<{ indicator: string; value: number; }>, string | number | boolean | readonly (string | number)[] | null> | null'.
  Type 'Arc<any, DefaultArcObject>' is not assignable to type 'ValueFn<SVGPathElement, PieArcDatum<{ indicator: string; value: number; }>, string | number | boolean | readonly (string | number)[] | null>'.
    Types of parameters 'd' and 'datum' are incompatible.
      Type 'PieArcDatum<{ indicator: string; value: number; }>' is missing the following properties from type 'DefaultArcObject': innerRadius, outerRadius
src/components/charts/BreakdownPieChart.tsx(128,28): error TS6133: 'event' is declared but its value is never read.
src/components/charts/BreakdownPieChart.tsx(143,68): error TS2345: Argument of type 'PieArcDatum<{ indicator: string; value: number; }>' is not assignable to parameter of type 'DefaultArcObject'.
  Type 'PieArcDatum<{ indicator: string; value: number; }>' is missing the following properties from type 'DefaultArcObject': innerRadius, outerRadius
src/components/charts/GrowthRatesChart.tsx(6,8): error TS6133: 'React' is declared but its value is never read.
src/components/charts/GrowthRatesChart.tsx(151,26): error TS6133: 'event' is declared but its value is never read.
src/components/charts/ProvincesMapChart.tsx(6,8): error TS6133: 'React' is declared but its value is never read.
src/components/charts/Tooltip.tsx(40,9): error TS2769: No overload matches this call.
  The last overload gave the following error.
    Object literal may only specify known properties, and 'onMouseEnter' does not exist in type 'Partial<unknown> & Attributes'.
src/components/charts/TotalDemandChart.tsx(6,8): error TS6133: 'React' is declared but its value is never read.
src/components/charts/TotalDemandChart.tsx(127,26): error TS6133: 'event' is declared but its value is never read.
src/components/dashboard/Dashboard.tsx(6,8): error TS6133: 'React' is declared but its value is never read.
src/components/dashboard/Dashboard.tsx(62,9): error TS2353: Object literal may only specify known properties, and 'onDoubleClick' does not exist in type 'Properties<string | number, string & {}>'.
src/components/dashboard/Legend.tsx(5,1): error TS6133: 'React' is declared but its value is never read.
src/components/dashboard/LocationFilter.tsx(5,1): error TS6133: 'React' is declared but its value is never read.
src/context/DashboardContext.tsx(5,8): error TS6133: 'React' is declared but its value is never read.
src/services/__tests__/dataLoader.test.ts(84,33): error TS2304: Cannot find name 'IndicatorType'.
src/services/__tests__/dataLoader.test.ts(93,27): error TS2304: Cannot find name 'LocationGroup'.
"
glm,tableau_dashboard_2010,/root/autodl-tmp/chi26-image2code/samples/glm/tableau_dashboard_2010,error,,,,,"Build failed for /root/autodl-tmp/chi26-image2code/samples/glm/tableau_dashboard_2010:

> tableau_dashboard_2010@0.0.0 build
> tsc -b && vite build

src/components/BarChart.tsx(12,3): error TS6133: 'sizeKey' is declared but its value is never read.
src/components/BarChart.tsx(62,29): error TS6133: 'event' is declared but its value is never read.
src/components/BarChart.tsx(72,33): error TS6133: 'event' is declared but its value is never read.
src/components/BarChart.tsx(72,40): error TS6133: 'd' is declared but its value is never read.
src/components/BarChart.tsx(77,32): error TS6133: 'event' is declared but its value is never read.
src/components/Dashboard.tsx(9,11): error TS6196: 'WorksheetProps' is declared but never used.
src/components/ScatterPlot.tsx(72,33): error TS6133: 'event' is declared but its value is never read.
src/components/ScatterPlot.tsx(72,40): error TS6133: 'd' is declared but its value is never read.
src/components/ScatterPlot.tsx(78,32): error TS6133: 'event' is declared but its value is never read.
"
glm,tableau_dashboard_2685,/root/autodl-tmp/chi26-image2code/samples/glm/tableau_dashboard_2685,error,,,,,"Build failed for /root/autodl-tmp/chi26-image2code/samples/glm/tableau_dashboard_2685:

> tableau_dashboard_2685@0.0.0 build
> tsc -b && vite build

src/components/TopCustomersChart.tsx(75,8): error TS1109: Expression expected.
"
glm,tableau_dashboard_269,/root/autodl-tmp/chi26-image2code/samples/glm/tableau_dashboard_269,error,,,,,"Build failed for /root/autodl-tmp/chi26-image2code/samples/glm/tableau_dashboard_269:

> tableau_dashboard_269@0.0.0 build
> tsc -b && vite build

src/utils/dashboardState.ts(62,37): error TS1005: '>' expected.
src/utils/dashboardState.ts(62,42): error TS1005: ')' expected.
src/utils/dashboardState.ts(62,44): error TS1136: Property assignment expected.
src/utils/dashboardState.ts(62,89): error TS1005: ',' expected.
src/utils/dashboardState.ts(64,6): error TS1161: Unterminated regular expression literal.
src/utils/dashboardState.ts(65,3): error TS1128: Declaration or statement expected.
src/utils/dashboardState.ts(66,1): error TS1128: Declaration or statement expected.
"
glm,tableau_dashboard_2819,/root/autodl-tmp/chi26-image2code/samples/glm/tableau_dashboard_2819,error,,,,,"Build failed for /root/autodl-tmp/chi26-image2code/samples/glm/tableau_dashboard_2819:

> tableau_dashboard_2819@0.0.1 build
> tsc -b && vite build

src/App.tsx(2,10): error TS1484: 'DashboardState' is a type and must be imported using a type-only import when 'verbatimModuleSyntax' is enabled.
src/App.tsx(2,26): error TS1484: 'DashboardAction' is a type and must be imported using a type-only import when 'verbatimModuleSyntax' is enabled.
src/components/PlotOfSales.tsx(2,21): error TS7016: Could not find a declaration file for module 'd3'. '/root/autodl-tmp/chi26-image2code/samples/glm/tableau_dashboard_2819/node_modules/d3/src/index.js' implicitly has an 'any' type.
  Try `npm i --save-dev @types/d3` if it exists or add a new declaration (.d.ts) file containing `declare module 'd3';`
src/components/PlotOfSales.tsx(3,10): error TS1484: 'DashboardState' is a type and must be imported using a type-only import when 'verbatimModuleSyntax' is enabled.
src/components/PlotOfSales.tsx(3,26): error TS1484: 'DashboardAction' is a type and must be imported using a type-only import when 'verbatimModuleSyntax' is enabled.
src/components/PlotOfSales.tsx(3,43): error TS1484: 'ChartData' is a type and must be imported using a type-only import when 'verbatimModuleSyntax' is enabled.
src/components/PlotOfSales.tsx(38,43): error TS7006: Parameter 'd' implicitly has an 'any' type.
src/components/PlotOfSales.tsx(42,44): error TS7006: Parameter 'd' implicitly has an 'any' type.
src/components/PlotOfSales.tsx(67,11): error TS6133: 'bars' is declared but its value is never read.
src/components/PlotOfSales.tsx(72,18): error TS7006: Parameter 'd' implicitly has an 'any' type.
src/components/PlotOfSales.tsx(73,18): error TS7006: Parameter 'd' implicitly has an 'any' type.
src/components/PlotOfSales.tsx(75,23): error TS7006: Parameter 'd' implicitly has an 'any' type.
src/components/PlotOfSales.tsx(78,21): error TS6133: 'event' is declared but its value is never read.
src/components/PlotOfSales.tsx(78,21): error TS7006: Parameter 'event' implicitly has an 'any' type.
src/components/PlotOfSales.tsx(78,28): error TS7006: Parameter 'd' implicitly has an 'any' type.
src/components/PlotOfSales.tsx(85,33): error TS6133: 'event' is declared but its value is never read.
src/components/PlotOfSales.tsx(85,33): error TS7006: Parameter 'event' implicitly has an 'any' type.
src/components/PlotOfSales.tsx(85,40): error TS6133: 'd' is declared but its value is never read.
src/components/PlotOfSales.tsx(85,40): error TS7006: Parameter 'd' implicitly has an 'any' type.
src/components/PlotOfSales.tsx(86,19): error TS2683: 'this' implicitly has type 'any' because it does not have a type annotation.
src/components/PlotOfSales.tsx(90,19): error TS2683: 'this' implicitly has type 'any' because it does not have a type annotation.
src/components/PlotOfSales.tsx(95,10): error TS7006: Parameter 'd' implicitly has an 'any' type.
src/components/PlotOfSales.tsx(96,10): error TS7006: Parameter 'd' implicitly has an 'any' type.
src/components/PlotOfSales.tsx(116,19): error TS7006: Parameter 'd' implicitly has an 'any' type.
src/components/PlotOfSales.tsx(117,19): error TS7006: Parameter 'd' implicitly has an 'any' type.
src/components/PlotOfSales.tsx(120,21): error TS6133: 'event' is declared but its value is never read.
src/components/PlotOfSales.tsx(120,21): error TS7006: Parameter 'event' implicitly has an 'any' type.
src/components/PlotOfSales.tsx(120,28): error TS7006: Parameter 'd' implicitly has an 'any' type.
src/components/SalesByRegion.tsx(2,21): error TS7016: Could not find a declaration file for module 'd3'. '/root/autodl-tmp/chi26-image2code/samples/glm/tableau_dashboard_2819/node_modules/d3/src/index.js' implicitly has an 'any' type.
  Try `npm i --save-dev @types/d3` if it exists or add a new declaration (.d.ts) file containing `declare module 'd3';`
src/components/SalesByRegion.tsx(3,10): error TS1484: 'DashboardState' is a type and must be imported using a type-only import when 'verbatimModuleSyntax' is enabled.
src/components/SalesByRegion.tsx(3,26): error TS1484: 'DashboardAction' is a type and must be imported using a type-only import when 'verbatimModuleSyntax' is enabled.
src/components/SalesByRegion.tsx(3,43): error TS1484: 'ChartData' is a type and must be imported using a type-only import when 'verbatimModuleSyntax' is enabled.
src/components/SalesByRegion.tsx(3,43): error TS6133: 'ChartData' is declared but its value is never read.
src/components/SalesByRegion.tsx(31,34): error TS18046: 'b.sales' is of type 'unknown'.
src/components/SalesByRegion.tsx(31,44): error TS18046: 'a.sales' is of type 'unknown'.
src/components/SalesByRegion.tsx(35,41): error TS7006: Parameter 'd' implicitly has an 'any' type.
src/components/SalesByRegion.tsx(57,11): error TS6133: 'bars' is declared but its value is never read.
src/components/SalesByRegion.tsx(63,18): error TS7006: Parameter 'd' implicitly has an 'any' type.
src/components/SalesByRegion.tsx(64,22): error TS7006: Parameter 'd' implicitly has an 'any' type.
src/components/SalesByRegion.tsx(68,21): error TS6133: 'event' is declared but its value is never read.
src/components/SalesByRegion.tsx(68,21): error TS7006: Parameter 'event' implicitly has an 'any' type.
src/components/SalesByRegion.tsx(68,28): error TS7006: Parameter 'd' implicitly has an 'any' type.
src/components/SalesByRegion.tsx(75,33): error TS6133: 'event' is declared but its value is never read.
src/components/SalesByRegion.tsx(75,33): error TS7006: Parameter 'event' implicitly has an 'any' type.
src/components/SalesByRegion.tsx(75,40): error TS6133: 'd' is declared but its value is never read.
src/components/SalesByRegion.tsx(75,40): error TS7006: Parameter 'd' implicitly has an 'any' type.
src/components/SalesByRegion.tsx(76,19): error TS2683: 'this' implicitly has type 'any' because it does not have a type annotation.
src/components/SalesByRegion.tsx(80,19): error TS2683: 'this' implicitly has type 'any' because it does not have a type annotation.
src/components/SalesByRegion.tsx(89,18): error TS7006: Parameter 'd' implicitly has an 'any' type.
src/components/SalesByRegion.tsx(90,18): error TS7006: Parameter 'd' implicitly has an 'any' type.
src/components/SalesByRegion.tsx(93,13): error TS7006: Parameter 'd' implicitly has an 'any' type.
src/components/SalesBySegment.tsx(2,21): error TS7016: Could not find a declaration file for module 'd3'. '/root/autodl-tmp/chi26-image2code/samples/glm/tableau_dashboard_2819/node_modules/d3/src/index.js' implicitly has an 'any' type.
  Try `npm i --save-dev @types/d3` if it exists or add a new declaration (.d.ts) file containing `declare module 'd3';`
src/components/SalesBySegment.tsx(3,10): error TS1484: 'DashboardState' is a type and must be imported using a type-only import when 'verbatimModuleSyntax' is enabled.
src/components/SalesBySegment.tsx(3,26): error TS1484: 'DashboardAction' is a type and must be imported using a type-only import when 'verbatimModuleSyntax' is enabled.
src/components/SalesBySegment.tsx(3,43): error TS1484: 'ChartData' is a type and must be imported using a type-only import when 'verbatimModuleSyntax' is enabled.
src/components/SalesBySegment.tsx(3,43): error TS6133: 'ChartData' is declared but its value is never read.
src/components/SalesBySegment.tsx(37,42): error TS7006: Parameter 'd' implicitly has an 'any' type.
src/components/SalesBySegment.tsx(54,11): error TS6133: 'bars' is declared but its value is never read.
src/components/SalesBySegment.tsx(59,18): error TS7006: Parameter 'd' implicitly has an 'any' type.
src/components/SalesBySegment.tsx(60,18): error TS7006: Parameter 'd' implicitly has an 'any' type.
src/components/SalesBySegment.tsx(62,23): error TS7006: Parameter 'd' implicitly has an 'any' type.
src/components/SalesBySegment.tsx(65,21): error TS6133: 'event' is declared but its value is never read.
src/components/SalesBySegment.tsx(65,21): error TS7006: Parameter 'event' implicitly has an 'any' type.
src/components/SalesBySegment.tsx(65,28): error TS7006: Parameter 'd' implicitly has an 'any' type.
src/components/SalesBySegment.tsx(72,33): error TS6133: 'event' is declared but its value is never read.
src/components/SalesBySegment.tsx(72,33): error TS7006: Parameter 'event' implicitly has an 'any' type.
src/components/SalesBySegment.tsx(72,40): error TS6133: 'd' is declared but its value is never read.
src/components/SalesBySegment.tsx(72,40): error TS7006: Parameter 'd' implicitly has an 'any' type.
src/components/SalesBySegment.tsx(73,19): error TS2683: 'this' implicitly has type 'any' because it does not have a type annotation.
src/components/SalesBySegment.tsx(77,19): error TS2683: 'this' implicitly has type 'any' because it does not have a type annotation.
src/components/SalesBySegment.tsx(86,18): error TS7006: Parameter 'd' implicitly has an 'any' type.
src/components/SalesBySegment.tsx(87,18): error TS7006: Parameter 'd' implicitly has an 'any' type.
src/components/SalesBySegment.tsx(89,13): error TS7006: Parameter 'd' implicitly has an 'any' type.
src/utils/data.ts(1,10): error TS1484: 'ParsedData' is a type and must be imported using a type-only import when 'verbatimModuleSyntax' is enabled.
src/utils/data.ts(64,10): error TS7053: Element implicitly has an 'any' type because expression of type 'any' can't be used to index type '{}'.
src/utils/data.ts(65,7): error TS7053: Element implicitly has an 'any' type because expression of type 'any' can't be used to index type '{}'.
src/utils/data.ts(67,5): error TS7053: Element implicitly has an 'any' type because expression of type 'any' can't be used to index type '{}'.
src/utils/data.ts(83,10): error TS7053: Element implicitly has an 'any' type because expression of type 'any' can't be used to index type '{}'.
src/utils/data.ts(84,7): error TS7053: Element implicitly has an 'any' type because expression of type 'any' can't be used to index type '{}'.
src/utils/data.ts(86,5): error TS7053: Element implicitly has an 'any' type because expression of type 'any' can't be used to index type '{}'.
src/utils/data.ts(102,10): error TS7053: Element implicitly has an 'any' type because expression of type 'any' can't be used to index type '{}'.
src/utils/data.ts(103,7): error TS7053: Element implicitly has an 'any' type because expression of type 'any' can't be used to index type '{}'.
src/utils/data.ts(105,5): error TS7053: Element implicitly has an 'any' type because expression of type 'any' can't be used to index type '{}'.
src/utils/data.ts(121,10): error TS7053: Element implicitly has an 'any' type because expression of type 'any' can't be used to index type '{}'.
src/utils/data.ts(122,7): error TS7053: Element implicitly has an 'any' type because expression of type 'any' can't be used to index type '{}'.
src/utils/data.ts(124,5): error TS7053: Element implicitly has an 'any' type because expression of type 'any' can't be used to index type '{}'.
"
glm,tableau_dashboard_2936_3,/root/autodl-tmp/chi26-image2code/samples/glm/tableau_dashboard_2936_3,error,,,,,"Build failed for /root/autodl-tmp/chi26-image2code/samples/glm/tableau_dashboard_2936_3:

> tableau_dashboard_2936_3@0.0.0 build
> tsc -b && vite build

src/App.tsx(1,38): error TS6133: 'useMemo' is declared but its value is never read.
src/App.tsx(2,21): error TS7016: Could not find a declaration file for module 'd3'. '/root/autodl-tmp/chi26-image2code/samples/glm/tableau_dashboard_2936_3/node_modules/d3/src/index.js' implicitly has an 'any' type.
  Try `npm i --save-dev @types/d3` if it exists or add a new declaration (.d.ts) file containing `declare module 'd3';`
src/App.tsx(20,10): error TS6133: 'selectedWorksheet' is declared but its value is never read.
src/App.tsx(65,39): error TS7006: Parameter 'd' implicitly has an 'any' type.
src/App.tsx(69,30): error TS7006: Parameter 'd' implicitly has an 'any' type.
src/App.tsx(93,23): error TS6133: 'chartId' is declared but its value is never read.
src/App.tsx(114,33): error TS7006: Parameter 'd' implicitly has an 'any' type.
src/App.tsx(118,34): error TS7006: Parameter 'd' implicitly has an 'any' type.
src/App.tsx(123,12): error TS7006: Parameter 'd' implicitly has an 'any' type.
src/App.tsx(124,12): error TS7006: Parameter 'd' implicitly has an 'any' type.
src/App.tsx(144,13): error TS6133: 'path' is declared but its value is never read.
src/App.tsx(156,21): error TS7006: Parameter 'd' implicitly has an 'any' type.
src/App.tsx(157,21): error TS7006: Parameter 'd' implicitly has an 'any' type.
src/App.tsx(161,23): error TS6133: 'event' is declared but its value is never read.
src/App.tsx(161,23): error TS7006: Parameter 'event' implicitly has an 'any' type.
src/App.tsx(161,30): error TS7006: Parameter 'd' implicitly has an 'any' type.
"
glm,tableau_dashboard_3014,/root/autodl-tmp/chi26-image2code/samples/glm/tableau_dashboard_3014,error,,,,,"Build failed for /root/autodl-tmp/chi26-image2code/samples/glm/tableau_dashboard_3014:

> tableau_dashboard_3014@0.0.0 build
> tsc -b && vite build

src/App.tsx(2,46): error TS2307: Cannot find module './components/charts' or its corresponding type declarations.
src/components/charts/D3BarChart.tsx(2,21): error TS2307: Cannot find module 'd3' or its corresponding type declarations.
src/components/charts/D3BarChart.tsx(32,32): error TS7006: Parameter 'd' implicitly has an 'any' type.
src/components/charts/D3BarChart.tsx(41,11): error TS6133: 'bars' is declared but its value is never read.
src/components/charts/D3BarChart.tsx(47,18): error TS7006: Parameter 'd' implicitly has an 'any' type.
src/components/charts/D3BarChart.tsx(48,22): error TS7006: Parameter 'd' implicitly has an 'any' type.
src/components/charts/D3BarChart.tsx(50,21): error TS7006: Parameter 'd' implicitly has an 'any' type.
src/components/charts/D3BarChart.tsx(62,25): error TS7006: Parameter 'd' implicitly has an 'any' type.
src/components/charts/D3BarChart.tsx(63,21): error TS6133: 'event' is declared but its value is never read.
src/components/charts/D3BarChart.tsx(63,21): error TS7006: Parameter 'event' implicitly has an 'any' type.
src/components/charts/D3BarChart.tsx(63,28): error TS7006: Parameter 'd' implicitly has an 'any' type.
src/components/charts/D3BarChart.tsx(75,18): error TS7006: Parameter 'd' implicitly has an 'any' type.
src/components/charts/D3BarChart.tsx(76,18): error TS7006: Parameter 'd' implicitly has an 'any' type.
src/components/charts/D3BarChart.tsx(78,13): error TS7006: Parameter 'd' implicitly has an 'any' type.
src/components/charts/D3Chart.tsx(2,21): error TS2307: Cannot find module 'd3' or its corresponding type declarations.
src/components/charts/D3Chart.tsx(31,32): error TS7006: Parameter 'd' implicitly has an 'any' type.
src/components/charts/D3Chart.tsx(40,11): error TS6133: 'bars' is declared but its value is never read.
src/components/charts/D3Chart.tsx(46,18): error TS7006: Parameter 'd' implicitly has an 'any' type.
src/components/charts/D3Chart.tsx(47,22): error TS7006: Parameter 'd' implicitly has an 'any' type.
src/components/charts/D3Chart.tsx(49,21): error TS7006: Parameter 'd' implicitly has an 'any' type.
src/components/charts/D3Chart.tsx(58,25): error TS7006: Parameter 'd' implicitly has an 'any' type.
src/components/charts/D3Chart.tsx(59,21): error TS6133: 'event' is declared but its value is never read.
src/components/charts/D3Chart.tsx(59,21): error TS7006: Parameter 'event' implicitly has an 'any' type.
src/components/charts/D3Chart.tsx(59,28): error TS7006: Parameter 'd' implicitly has an 'any' type.
src/components/charts/D3Chart.tsx(71,18): error TS7006: Parameter 'd' implicitly has an 'any' type.
src/components/charts/D3Chart.tsx(72,18): error TS7006: Parameter 'd' implicitly has an 'any' type.
src/components/charts/D3Chart.tsx(74,13): error TS7006: Parameter 'd' implicitly has an 'any' type.
src/components/charts/D3Table.tsx(2,21): error TS2307: Cannot find module 'd3' or its corresponding type declarations.
src/components/charts/D3Table.tsx(41,19): error TS6133: 'd' is declared but its value is never read.
src/components/charts/D3Table.tsx(41,19): error TS7006: Parameter 'd' implicitly has an 'any' type.
src/components/charts/D3Table.tsx(41,22): error TS7006: Parameter 'i' implicitly has an 'any' type.
src/components/charts/D3Table.tsx(43,23): error TS6133: 'd' is declared but its value is never read.
src/components/charts/D3Table.tsx(43,23): error TS7006: Parameter 'd' implicitly has an 'any' type.
src/components/charts/D3Table.tsx(43,26): error TS7006: Parameter 'i' implicitly has an 'any' type.
src/components/charts/D3Table.tsx(52,19): error TS6133: 'd' is declared but its value is never read.
src/components/charts/D3Table.tsx(52,19): error TS7006: Parameter 'd' implicitly has an 'any' type.
src/components/charts/D3Table.tsx(52,22): error TS7006: Parameter 'i' implicitly has an 'any' type.
src/components/charts/D3Table.tsx(59,13): error TS7006: Parameter 'd' implicitly has an 'any' type.
src/components/charts/D3Table.tsx(59,56): error TS7006: Parameter 'l' implicitly has an 'any' type.
"
glm,tableau_dashboard_303_1,/root/autodl-tmp/chi26-image2code/samples/glm/tableau_dashboard_303_1,error,,,,,"Build failed for /root/autodl-tmp/chi26-image2code/samples/glm/tableau_dashboard_303_1:

> tableau_dashboard_303_1@0.0.0 build
> tsc -b && vite build

src/App.tsx(4,10): error TS1484: 'DashboardData' is a type and must be imported using a type-only import when 'verbatimModuleSyntax' is enabled.
src/App.tsx(4,25): error TS1484: 'HighlightState' is a type and must be imported using a type-only import when 'verbatimModuleSyntax' is enabled.
src/components/Dashboard.tsx(2,47): error TS2307: Cannot find module '../../types' or its corresponding type declarations.
src/components/Dashboard.tsx(20,37): error TS6133: 'worksheetId' is declared but its value is never read.
src/components/worksheets/Q10_Day.tsx(2,47): error TS2307: Cannot find module '../../../types' or its corresponding type declarations.
src/components/worksheets/Q10_Day.tsx(3,98): error TS2307: Cannot find module 'recharts' or its corresponding type declarations.
src/components/worksheets/Q4_Time.tsx(2,47): error TS2307: Cannot find module '../../../types' or its corresponding type declarations.
src/components/worksheets/Q4_Time.tsx(3,98): error TS2307: Cannot find module 'recharts' or its corresponding type declarations.
src/components/worksheets/Sheet29.tsx(2,47): error TS2307: Cannot find module '../../../types' or its corresponding type declarations.
src/components/worksheets/Sheet29.tsx(3,98): error TS2307: Cannot find module 'recharts' or its corresponding type declarations.
src/types/index.ts(14,20): error TS7006: Parameter 'District' implicitly has an 'any' type.
src/types/index.ts(15,20): error TS7006: Parameter 'Highway' implicitly has an 'any' type.
src/utils/dataLoader.ts(1,10): error TS1484: 'DashboardData' is a type and must be imported using a type-only import when 'verbatimModuleSyntax' is enabled.
src/utils/dataLoader.ts(1,25): error TS1484: 'AccidentRecord' is a type and must be imported using a type-only import when 'verbatimModuleSyntax' is enabled.
src/utils/dataLoader.ts(46,42): error TS2345: Argument of type '{ Accident_Index: any; Location_Easting_OSGR: number; Location_Northing_OSGR: number; Longitude: number; Latitude: number; Police_Force: number; Accident_Severity: any; Number_of_Vehicles: number; ... 24 more ...; 'Sex Of Casualty': any; }[]' is not assignable to parameter of type 'AccidentRecord[]'.
  Property 'Local_Authority_' is missing in type '{ Accident_Index: any; Location_Easting_OSGR: number; Location_Northing_OSGR: number; Longitude: number; Latitude: number; Police_Force: number; Accident_Severity: any; Number_of_Vehicles: number; ... 24 more ...; 'Sex Of Casualty': any; }' but required in type 'AccidentRecord'.
src/utils/dataLoader.ts(47,42): error TS2345: Argument of type '{ Accident_Index: any; Location_Easting_OSGR: number; Location_Northing_OSGR: number; Longitude: number; Latitude: number; Police_Force: number; Accident_Severity: any; Number_of_Vehicles: number; ... 24 more ...; 'Sex Of Casualty': any; }[]' is not assignable to parameter of type 'AccidentRecord[]'.
  Property 'Local_Authority_' is missing in type '{ Accident_Index: any; Location_Easting_OSGR: number; Location_Northing_OSGR: number; Longitude: number; Latitude: number; Police_Force: number; Accident_Severity: any; Number_of_Vehicles: number; ... 24 more ...; 'Sex Of Casualty': any; }' but required in type 'AccidentRecord'.
src/utils/dataLoader.ts(48,44): error TS2345: Argument of type '{ Accident_Index: any; Location_Easting_OSGR: number; Location_Northing_OSGR: number; Longitude: number; Latitude: number; Police_Force: number; Accident_Severity: any; Number_of_Vehicles: number; ... 24 more ...; 'Sex Of Casualty': any; }[]' is not assignable to parameter of type 'AccidentRecord[]'.
  Property 'Local_Authority_' is missing in type '{ Accident_Index: any; Location_Easting_OSGR: number; Location_Northing_OSGR: number; Longitude: number; Latitude: number; Police_Force: number; Accident_Severity: any; Number_of_Vehicles: number; ... 24 more ...; 'Sex Of Casualty': any; }' but required in type 'AccidentRecord'.
src/utils/dataLoader.ts(51,7): error TS2322: Type '{ Accident_Index: any; Location_Easting_OSGR: number; Location_Northing_OSGR: number; Longitude: number; Latitude: number; Police_Force: number; Accident_Severity: any; Number_of_Vehicles: number; ... 24 more ...; 'Sex Of Casualty': any; }[]' is not assignable to type 'AccidentRecord[]'.
  Property 'Local_Authority_' is missing in type '{ Accident_Index: any; Location_Easting_OSGR: number; Location_Northing_OSGR: number; Longitude: number; Latitude: number; Police_Force: number; Accident_Severity: any; Number_of_Vehicles: number; ... 24 more ...; 'Sex Of Casualty': any; }' but required in type 'AccidentRecord'.
src/utils/dataLoader.ts(53,9): error TS2739: Type 'any[]' is missing the following properties from type 'WorksheetData': id, name, data, fields
src/utils/dataLoader.ts(54,9): error TS2739: Type 'any[]' is missing the following properties from type 'WorksheetData': id, name, data, fields
src/utils/dataLoader.ts(55,9): error TS2739: Type 'any[]' is missing the following properties from type 'WorksheetData': id, name, data, fields
"
glm,tableau_dashboard_303_2,/root/autodl-tmp/chi26-image2code/samples/glm/tableau_dashboard_303_2,error,,,,,"Build failed for /root/autodl-tmp/chi26-image2code/samples/glm/tableau_dashboard_303_2:

> tableau_dashboard_303_2@0.0.0 build
> tsc -b && vite build

src/components/HorizontalBarChart.tsx(56,7): error TS1477: An instantiation expression cannot be followed by a property access.
"
glm,tableau_dashboard_303_4,/root/autodl-tmp/chi26-image2code/samples/glm/tableau_dashboard_303_4,error,,,,,"Build failed for /root/autodl-tmp/chi26-image2code/samples/glm/tableau_dashboard_303_4:

> tableau_dashboard_303_4@0.0.0 build
> tsc -b && vite build

src/components/D3Chart.tsx(409,19): error TS1005: '}' expected.
"
glm,tableau_dashboard_3259,/root/autodl-tmp/chi26-image2code/samples/glm/tableau_dashboard_3259,error,,,,,"Build failed for /root/autodl-tmp/chi26-image2code/samples/glm/tableau_dashboard_3259:

> tableau_dashboard_3259@0.0.0 build
> tsc -b && vite build

src/App.tsx(2,21): error TS7016: Could not find a declaration file for module 'd3'. '/root/autodl-tmp/chi26-image2code/samples/glm/tableau_dashboard_3259/node_modules/d3/src/index.js' implicitly has an 'any' type.
  Try `npm i --save-dev @types/d3` if it exists or add a new declaration (.d.ts) file containing `declare module 'd3';`
"
glm,tableau_dashboard_3330_1,/root/autodl-tmp/chi26-image2code/samples/glm/tableau_dashboard_3330_1,error,,,,,"Build failed for /root/autodl-tmp/chi26-image2code/samples/glm/tableau_dashboard_3330_1:

> tableau_dashboard_3330_1@0.0.0 build
> tsc -b && vite build

src/App.tsx(3,10): error TS1484: 'DataRecord' is a type and must be imported using a type-only import when 'verbatimModuleSyntax' is enabled.
src/App.tsx(3,22): error TS1484: 'PieChartData' is a type and must be imported using a type-only import when 'verbatimModuleSyntax' is enabled.
src/App.tsx(3,22): error TS6133: 'PieChartData' is declared but its value is never read.
src/App.tsx(3,36): error TS1484: 'HighlightState' is a type and must be imported using a type-only import when 'verbatimModuleSyntax' is enabled.
src/App.tsx(3,36): error TS6133: 'HighlightState' is declared but its value is never read.
src/App.tsx(3,52): error TS1484: 'DashboardState' is a type and must be imported using a type-only import when 'verbatimModuleSyntax' is enabled.
src/components/AgePieChart.tsx(3,10): error TS1484: 'PieChartData' is a type and must be imported using a type-only import when 'verbatimModuleSyntax' is enabled.
src/components/AgePieChart.tsx(3,24): error TS1484: 'HighlightState' is a type and must be imported using a type-only import when 'verbatimModuleSyntax' is enabled.
src/components/AgePieChart.tsx(3,24): error TS6133: 'HighlightState' is declared but its value is never read.
src/components/AgePieChart.tsx(58,21): error TS6133: 'event' is declared but its value is never read.
src/components/AgePieChart.tsx(62,33): error TS6133: 'event' is declared but its value is never read.
src/components/AgePieChart.tsx(62,40): error TS6133: 'd' is declared but its value is never read.
src/components/AgePieChart.tsx(72,47): error TS2304: Cannot find name 'd'.
src/components/AgePieChart.tsx(95,48): error TS18046: 'd' is of type 'unknown'.
src/components/AmountOfNegativeChart.tsx(3,10): error TS1484: 'PieChartData' is a type and must be imported using a type-only import when 'verbatimModuleSyntax' is enabled.
src/components/AmountOfNegativeChart.tsx(3,24): error TS1484: 'HighlightState' is a type and must be imported using a type-only import when 'verbatimModuleSyntax' is enabled.
src/components/AmountOfNegativeChart.tsx(3,24): error TS6133: 'HighlightState' is declared but its value is never read.
src/components/AmountOfNegativeChart.tsx(55,21): error TS6133: 'event' is declared but its value is never read.
src/components/AmountOfNegativeChart.tsx(59,33): error TS6133: 'event' is declared but its value is never read.
src/components/AmountOfNegativeChart.tsx(59,40): error TS6133: 'd' is declared but its value is never read.
src/components/AmountOfNegativeChart.tsx(69,47): error TS2304: Cannot find name 'd'.
src/components/AmountOfNegativePercentChart.tsx(3,10): error TS1484: 'PieChartData' is a type and must be imported using a type-only import when 'verbatimModuleSyntax' is enabled.
src/components/AmountOfNegativePercentChart.tsx(3,24): error TS1484: 'HighlightState' is a type and must be imported using a type-only import when 'verbatimModuleSyntax' is enabled.
src/components/AmountOfNegativePercentChart.tsx(3,24): error TS6133: 'HighlightState' is declared but its value is never read.
src/components/AmountOfNegativePercentChart.tsx(55,21): error TS6133: 'event' is declared but its value is never read.
src/components/AmountOfNegativePercentChart.tsx(59,33): error TS6133: 'event' is declared but its value is never read.
src/components/AmountOfNegativePercentChart.tsx(59,40): error TS6133: 'd' is declared but its value is never read.
src/components/AmountOfNegativePercentChart.tsx(69,47): error TS2304: Cannot find name 'd'.
src/components/AmountOfPositiveChart.tsx(3,10): error TS1484: 'PieChartData' is a type and must be imported using a type-only import when 'verbatimModuleSyntax' is enabled.
src/components/AmountOfPositiveChart.tsx(3,24): error TS1484: 'HighlightState' is a type and must be imported using a type-only import when 'verbatimModuleSyntax' is enabled.
src/components/AmountOfPositiveChart.tsx(3,24): error TS6133: 'HighlightState' is declared but its value is never read.
src/components/AmountOfPositiveChart.tsx(55,21): error TS6133: 'event' is declared but its value is never read.
src/components/AmountOfPositiveChart.tsx(59,33): error TS6133: 'event' is declared but its value is never read.
src/components/AmountOfPositiveChart.tsx(59,40): error TS6133: 'd' is declared but its value is never read.
src/components/AmountOfPositiveChart.tsx(69,47): error TS2304: Cannot find name 'd'.
src/components/AmountOfPositivePercentChart.tsx(3,10): error TS1484: 'PieChartData' is a type and must be imported using a type-only import when 'verbatimModuleSyntax' is enabled.
src/components/AmountOfPositivePercentChart.tsx(3,24): error TS1484: 'HighlightState' is a type and must be imported using a type-only import when 'verbatimModuleSyntax' is enabled.
src/components/AmountOfPositivePercentChart.tsx(3,24): error TS6133: 'HighlightState' is declared but its value is never read.
src/components/AmountOfPositivePercentChart.tsx(55,21): error TS6133: 'event' is declared but its value is never read.
src/components/AmountOfPositivePercentChart.tsx(59,33): error TS6133: 'event' is declared but its value is never read.
src/components/AmountOfPositivePercentChart.tsx(59,40): error TS6133: 'd' is declared but its value is never read.
src/components/AmountOfPositivePercentChart.tsx(69,47): error TS2304: Cannot find name 'd'.
src/components/EthnicityPieChart.tsx(3,10): error TS1484: 'PieChartData' is a type and must be imported using a type-only import when 'verbatimModuleSyntax' is enabled.
src/components/EthnicityPieChart.tsx(3,24): error TS1484: 'HighlightState' is a type and must be imported using a type-only import when 'verbatimModuleSyntax' is enabled.
src/components/EthnicityPieChart.tsx(3,24): error TS6133: 'HighlightState' is declared but its value is never read.
src/components/EthnicityPieChart.tsx(58,21): error TS6133: 'event' is declared but its value is never read.
src/components/EthnicityPieChart.tsx(62,33): error TS6133: 'event' is declared but its value is never read.
src/components/EthnicityPieChart.tsx(62,40): error TS6133: 'd' is declared but its value is never read.
src/components/EthnicityPieChart.tsx(72,47): error TS2304: Cannot find name 'd'.
src/components/EthnicityPieChart.tsx(95,48): error TS18046: 'd' is of type 'unknown'.
src/components/GenderPieChart.tsx(3,10): error TS1484: 'PieChartData' is a type and must be imported using a type-only import when 'verbatimModuleSyntax' is enabled.
src/components/GenderPieChart.tsx(3,24): error TS1484: 'HighlightState' is a type and must be imported using a type-only import when 'verbatimModuleSyntax' is enabled.
src/components/GenderPieChart.tsx(3,24): error TS6133: 'HighlightState' is declared but its value is never read.
src/components/GenderPieChart.tsx(58,21): error TS6133: 'event' is declared but its value is never read.
src/components/GenderPieChart.tsx(62,33): error TS6133: 'event' is declared but its value is never read.
src/components/GenderPieChart.tsx(62,40): error TS6133: 'd' is declared but its value is never read.
src/components/GenderPieChart.tsx(72,47): error TS2304: Cannot find name 'd'.
src/components/GenderPieChart.tsx(95,48): error TS18046: 'd' is of type 'unknown'.
src/components/MaritalStatusPieChart.tsx(3,10): error TS1484: 'PieChartData' is a type and must be imported using a type-only import when 'verbatimModuleSyntax' is enabled.
src/components/MaritalStatusPieChart.tsx(3,24): error TS1484: 'HighlightState' is a type and must be imported using a type-only import when 'verbatimModuleSyntax' is enabled.
src/components/MaritalStatusPieChart.tsx(3,24): error TS6133: 'HighlightState' is declared but its value is never read.
src/components/MaritalStatusPieChart.tsx(58,21): error TS6133: 'event' is declared but its value is never read.
src/components/MaritalStatusPieChart.tsx(62,33): error TS6133: 'event' is declared but its value is never read.
src/components/MaritalStatusPieChart.tsx(62,40): error TS6133: 'd' is declared but its value is never read.
src/components/MaritalStatusPieChart.tsx(72,47): error TS2304: Cannot find name 'd'.
src/components/MaritalStatusPieChart.tsx(95,48): error TS18046: 'd' is of type 'unknown'.
src/utils/dataLoader.ts(1,10): error TS1484: 'DataRecord' is a type and must be imported using a type-only import when 'verbatimModuleSyntax' is enabled.
src/utils/dataLoader.ts(1,22): error TS1484: 'ScaleData' is a type and must be imported using a type-only import when 'verbatimModuleSyntax' is enabled.
src/utils/dataLoader.ts(1,22): error TS6133: 'ScaleData' is declared but its value is never read.
src/utils/dataLoader.ts(41,74): error TS2304: Cannot find name 'PieChartData'.
src/utils/dataLoader.ts(61,68): error TS2304: Cannot find name 'PieChartData'.
"
glm,tableau_dashboard_3330_2,/root/autodl-tmp/chi26-image2code/samples/glm/tableau_dashboard_3330_2,error,,,,,"Build failed for /root/autodl-tmp/chi26-image2code/samples/glm/tableau_dashboard_3330_2:

> tableau_dashboard_3330_2@0.0.0 build
> tsc -b && vite build

src/App.tsx(1,10): error TS2459: Module '""./components/Dashboard""' declares 'DashboardProvider' locally, but it is not exported.
src/DataService.ts(1,21): error TS7016: Could not find a declaration file for module 'd3'. '/root/autodl-tmp/chi26-image2code/samples/glm/tableau_dashboard_3330_2/node_modules/d3/src/index.js' implicitly has an 'any' type.
  Try `npm i --save-dev @types/d3` if it exists or add a new declaration (.d.ts) file containing `declare module 'd3';`
src/DataService.ts(45,26): error TS2339: Property 'length' does not exist on type '{}'.
src/DataService.ts(46,49): error TS2339: Property 'includes' does not exist on type '{}'.
src/DataService.ts(57,7): error TS7006: Parameter 'v' implicitly has an 'any' type.
src/DataService.ts(57,32): error TS6133: 'd' is declared but its value is never read.
src/DataService.ts(57,32): error TS7006: Parameter 'd' implicitly has an 'any' type.
src/DataService.ts(58,7): error TS7006: Parameter 'd' implicitly has an 'any' type.
src/components/BaseChart.tsx(1,36): error TS6133: 'useState' is declared but its value is never read.
src/components/BaseChart.tsx(2,21): error TS7016: Could not find a declaration file for module 'd3'. '/root/autodl-tmp/chi26-image2code/samples/glm/tableau_dashboard_3330_2/node_modules/d3/src/index.js' implicitly has an 'any' type.
  Try `npm i --save-dev @types/d3` if it exists or add a new declaration (.d.ts) file containing `declare module 'd3';`
src/components/BaseChart.tsx(52,9): error TS6133: 'handleSelect' is declared but its value is never read.
src/components/Dashboard.tsx(12,8): error TS2307: Cannot find module '../charts' or its corresponding type declarations.
src/components/Dashboard.tsx(16,9): error TS6133: 'highlightedData' is declared but its value is never read.
src/components/Dashboard.tsx(21,25): error TS2304: Cannot find name 'DataService'.
src/components/charts/AmountOfNegativeChart.tsx(2,21): error TS7016: Could not find a declaration file for module 'd3'. '/root/autodl-tmp/chi26-image2code/samples/glm/tableau_dashboard_3330_2/node_modules/d3/src/index.js' implicitly has an 'any' type.
  Try `npm i --save-dev @types/d3` if it exists or add a new declaration (.d.ts) file containing `declare module 'd3';`
src/components/charts/AmountOfNegativeChart.tsx(56,41): error TS7006: Parameter 'd' implicitly has an 'any' type.
src/components/charts/AmountOfNegativeChart.tsx(67,18): error TS7006: Parameter 'd' implicitly has an 'any' type.
src/components/charts/AmountOfNegativeChart.tsx(69,18): error TS7006: Parameter 'd' implicitly has an 'any' type.
src/components/charts/AmountOfNegativeChart.tsx(70,23): error TS7006: Parameter 'd' implicitly has an 'any' type.
src/components/charts/AmountOfNegativeChart.tsx(72,29): error TS6133: 'event' is declared but its value is never read.
src/components/charts/AmountOfNegativeChart.tsx(72,29): error TS7006: Parameter 'event' implicitly has an 'any' type.
src/components/charts/AmountOfNegativeChart.tsx(72,36): error TS7006: Parameter 'd' implicitly has an 'any' type.
src/components/charts/AmountOfNegativeChart.tsx(73,19): error TS2683: 'this' implicitly has type 'any' because it does not have a type annotation.
src/components/charts/AmountOfNegativeChart.tsx(74,36): error TS2683: 'this' implicitly has type 'any' because it does not have a type annotation.
src/components/charts/AmountOfNegativeChart.tsx(76,9): error TS2683: 'this' implicitly has type 'any' because it does not have a type annotation.
src/components/charts/AmountOfNegativeChart.tsx(96,6): error TS2322: Type '{ children: Element; data: any[]; width: number; height: number; title: string; onInteraction: (items: any[]) => void; }' is not assignable to type 'IntrinsicAttributes & BaseChartProps'.
  Property 'children' does not exist on type 'IntrinsicAttributes & BaseChartProps'.
src/components/charts/AmountOfNegativeChart.tsx(101,23): error TS6133: 'items' is declared but its value is never read.
src/components/charts/AmountOfNegativePercentChart.tsx(2,21): error TS7016: Could not find a declaration file for module 'd3'. '/root/autodl-tmp/chi26-image2code/samples/glm/tableau_dashboard_3330_2/node_modules/d3/src/index.js' implicitly has an 'any' type.
  Try `npm i --save-dev @types/d3` if it exists or add a new declaration (.d.ts) file containing `declare module 'd3';`
src/components/charts/AmountOfNegativePercentChart.tsx(46,41): error TS7006: Parameter 'd' implicitly has an 'any' type.
src/components/charts/AmountOfNegativePercentChart.tsx(62,52): error TS7006: Parameter 'd' implicitly has an 'any' type.
src/components/charts/AmountOfNegativePercentChart.tsx(73,18): error TS7006: Parameter 'd' implicitly has an 'any' type.
src/components/charts/AmountOfNegativePercentChart.tsx(75,18): error TS7006: Parameter 'd' implicitly has an 'any' type.
src/components/charts/AmountOfNegativePercentChart.tsx(76,23): error TS7006: Parameter 'd' implicitly has an 'any' type.
src/components/charts/AmountOfNegativePercentChart.tsx(78,29): error TS6133: 'event' is declared but its value is never read.
src/components/charts/AmountOfNegativePercentChart.tsx(78,29): error TS7006: Parameter 'event' implicitly has an 'any' type.
src/components/charts/AmountOfNegativePercentChart.tsx(78,36): error TS7006: Parameter 'd' implicitly has an 'any' type.
src/components/charts/AmountOfNegativePercentChart.tsx(79,19): error TS2683: 'this' implicitly has type 'any' because it does not have a type annotation.
src/components/charts/AmountOfNegativePercentChart.tsx(80,36): error TS2683: 'this' implicitly has type 'any' because it does not have a type annotation.
src/components/charts/AmountOfNegativePercentChart.tsx(82,9): error TS2683: 'this' implicitly has type 'any' because it does not have a type annotation.
src/components/charts/AmountOfNegativePercentChart.tsx(97,39): error TS7006: Parameter 'd' implicitly has an 'any' type.
src/components/charts/AmountOfNegativePercentChart.tsx(102,6): error TS2322: Type '{ children: Element; data: any[]; width: number; height: number; title: string; onInteraction: (items: any[]) => void; }' is not assignable to type 'IntrinsicAttributes & BaseChartProps'.
  Property 'children' does not exist on type 'IntrinsicAttributes & BaseChartProps'.
src/components/charts/AmountOfNegativePercentChart.tsx(107,23): error TS6133: 'items' is declared but its value is never read.
src/components/charts/AmountOfPositiveChart.tsx(2,21): error TS7016: Could not find a declaration file for module 'd3'. '/root/autodl-tmp/chi26-image2code/samples/glm/tableau_dashboard_3330_2/node_modules/d3/src/index.js' implicitly has an 'any' type.
  Try `npm i --save-dev @types/d3` if it exists or add a new declaration (.d.ts) file containing `declare module 'd3';`
src/components/charts/AmountOfPositiveChart.tsx(56,41): error TS7006: Parameter 'd' implicitly has an 'any' type.
src/components/charts/AmountOfPositiveChart.tsx(67,18): error TS7006: Parameter 'd' implicitly has an 'any' type.
src/components/charts/AmountOfPositiveChart.tsx(69,18): error TS7006: Parameter 'd' implicitly has an 'any' type.
src/components/charts/AmountOfPositiveChart.tsx(70,23): error TS7006: Parameter 'd' implicitly has an 'any' type.
src/components/charts/AmountOfPositiveChart.tsx(72,29): error TS6133: 'event' is declared but its value is never read.
src/components/charts/AmountOfPositiveChart.tsx(72,29): error TS7006: Parameter 'event' implicitly has an 'any' type.
src/components/charts/AmountOfPositiveChart.tsx(72,36): error TS7006: Parameter 'd' implicitly has an 'any' type.
src/components/charts/AmountOfPositiveChart.tsx(73,19): error TS2683: 'this' implicitly has type 'any' because it does not have a type annotation.
src/components/charts/AmountOfPositiveChart.tsx(74,36): error TS2683: 'this' implicitly has type 'any' because it does not have a type annotation.
src/components/charts/AmountOfPositiveChart.tsx(76,9): error TS2683: 'this' implicitly has type 'any' because it does not have a type annotation.
src/components/charts/AmountOfPositiveChart.tsx(96,6): error TS2322: Type '{ children: Element; data: any[]; width: number; height: number; title: string; onInteraction: (items: any[]) => void; }' is not assignable to type 'IntrinsicAttributes & BaseChartProps'.
  Property 'children' does not exist on type 'IntrinsicAttributes & BaseChartProps'.
src/components/charts/AmountOfPositiveChart.tsx(101,23): error TS6133: 'items' is declared but its value is never read.
src/components/charts/AmountOfPositivePercentChart.tsx(2,21): error TS7016: Could not find a declaration file for module 'd3'. '/root/autodl-tmp/chi26-image2code/samples/glm/tableau_dashboard_3330_2/node_modules/d3/src/index.js' implicitly has an 'any' type.
  Try `npm i --save-dev @types/d3` if it exists or add a new declaration (.d.ts) file containing `declare module 'd3';`
src/components/charts/AmountOfPositivePercentChart.tsx(46,41): error TS7006: Parameter 'd' implicitly has an 'any' type.
src/components/charts/AmountOfPositivePercentChart.tsx(62,52): error TS7006: Parameter 'd' implicitly has an 'any' type.
src/components/charts/AmountOfPositivePercentChart.tsx(73,18): error TS7006: Parameter 'd' implicitly has an 'any' type.
src/components/charts/AmountOfPositivePercentChart.tsx(75,18): error TS7006: Parameter 'd' implicitly has an 'any' type.
src/components/charts/AmountOfPositivePercentChart.tsx(76,23): error TS7006: Parameter 'd' implicitly has an 'any' type.
src/components/charts/AmountOfPositivePercentChart.tsx(78,29): error TS6133: 'event' is declared but its value is never read.
src/components/charts/AmountOfPositivePercentChart.tsx(78,29): error TS7006: Parameter 'event' implicitly has an 'any' type.
src/components/charts/AmountOfPositivePercentChart.tsx(78,36): error TS7006: Parameter 'd' implicitly has an 'any' type.
src/components/charts/AmountOfPositivePercentChart.tsx(79,19): error TS2683: 'this' implicitly has type 'any' because it does not have a type annotation.
src/components/charts/AmountOfPositivePercentChart.tsx(80,36): error TS2683: 'this' implicitly has type 'any' because it does not have a type annotation.
src/components/charts/AmountOfPositivePercentChart.tsx(82,9): error TS2683: 'this' implicitly has type 'any' because it does not have a type annotation.
src/components/charts/AmountOfPositivePercentChart.tsx(97,39): error TS7006: Parameter 'd' implicitly has an 'any' type.
src/components/charts/AmountOfPositivePercentChart.tsx(102,6): error TS2322: Type '{ children: Element; data: any[]; width: number; height: number; title: string; onInteraction: (items: any[]) => void; }' is not assignable to type 'IntrinsicAttributes & BaseChartProps'.
  Property 'children' does not exist on type 'IntrinsicAttributes & BaseChartProps'.
src/components/charts/AmountOfPositivePercentChart.tsx(107,23): error TS6133: 'items' is declared but its value is never read.
src/components/charts/AnnualIncomePieChart.tsx(2,21): error TS7016: Could not find a declaration file for module 'd3'. '/root/autodl-tmp/chi26-image2code/samples/glm/tableau_dashboard_3330_2/node_modules/d3/src/index.js' implicitly has an 'any' type.
  Try `npm i --save-dev @types/d3` if it exists or add a new declaration (.d.ts) file containing `declare module 'd3';`
src/components/charts/AnnualIncomePieChart.tsx(49,7): error TS7006: Parameter 'v' implicitly has an 'any' type.
src/components/charts/AnnualIncomePieChart.tsx(50,7): error TS7006: Parameter 'd' implicitly has an 'any' type.
src/components/charts/AnnualIncomePieChart.tsx(72,14): error TS7006: Parameter 'd' implicitly has an 'any' type.
src/components/charts/AnnualIncomePieChart.tsx(86,21): error TS7006: Parameter 'd' implicitly has an 'any' type.
src/components/charts/AnnualIncomePieChart.tsx(87,29): error TS6133: 'event' is declared but its value is never read.
src/components/charts/AnnualIncomePieChart.tsx(87,29): error TS7006: Parameter 'event' implicitly has an 'any' type.
src/components/charts/AnnualIncomePieChart.tsx(87,36): error TS7006: Parameter 'd' implicitly has an 'any' type.
src/components/charts/AnnualIncomePieChart.tsx(88,19): error TS2683: 'this' implicitly has type 'any' because it does not have a type annotation.
src/components/charts/AnnualIncomePieChart.tsx(89,36): error TS2683: 'this' implicitly has type 'any' because it does not have a type annotation.
src/components/charts/AnnualIncomePieChart.tsx(91,9): error TS2683: 'this' implicitly has type 'any' because it does not have a type annotation.
src/components/charts/AnnualIncomePieChart.tsx(98,26): error TS7006: Parameter 'd' implicitly has an 'any' type.
src/components/charts/AnnualIncomePieChart.tsx(102,13): error TS7006: Parameter 'd' implicitly has an 'any' type.
src/components/charts/AnnualIncomePieChart.tsx(107,6): error TS2322: Type '{ children: Element; data: any[]; width: number; height: number; title: string; onInteraction: (items: any[]) => void; }' is not assignable to type 'IntrinsicAttributes & BaseChartProps'.
  Property 'children' does not exist on type 'IntrinsicAttributes & BaseChartProps'.
src/components/charts/AnnualIncomePieChart.tsx(112,23): error TS6133: 'items' is declared but its value is never read.
src/components/charts/EducationPieChart.tsx(2,21): error TS7016: Could not find a declaration file for module 'd3'. '/root/autodl-tmp/chi26-image2code/samples/glm/tableau_dashboard_3330_2/node_modules/d3/src/index.js' implicitly has an 'any' type.
  Try `npm i --save-dev @types/d3` if it exists or add a new declaration (.d.ts) file containing `declare module 'd3';`
src/components/charts/EducationPieChart.tsx(49,7): error TS7006: Parameter 'v' implicitly has an 'any' type.
src/components/charts/EducationPieChart.tsx(50,7): error TS7006: Parameter 'd' implicitly has an 'any' type.
src/components/charts/EducationPieChart.tsx(72,14): error TS7006: Parameter 'd' implicitly has an 'any' type.
src/components/charts/EducationPieChart.tsx(86,21): error TS7006: Parameter 'd' implicitly has an 'any' type.
src/components/charts/EducationPieChart.tsx(87,29): error TS6133: 'event' is declared but its value is never read.
src/components/charts/EducationPieChart.tsx(87,29): error TS7006: Parameter 'event' implicitly has an 'any' type.
src/components/charts/EducationPieChart.tsx(87,36): error TS7006: Parameter 'd' implicitly has an 'any' type.
src/components/charts/EducationPieChart.tsx(88,19): error TS2683: 'this' implicitly has type 'any' because it does not have a type annotation.
src/components/charts/EducationPieChart.tsx(89,36): error TS2683: 'this' implicitly has type 'any' because it does not have a type annotation.
src/components/charts/EducationPieChart.tsx(91,9): error TS2683: 'this' implicitly has type 'any' because it does not have a type annotation.
src/components/charts/EducationPieChart.tsx(98,26): error TS7006: Parameter 'd' implicitly has an 'any' type.
src/components/charts/EducationPieChart.tsx(102,13): error TS7006: Parameter 'd' implicitly has an 'any' type.
src/components/charts/EducationPieChart.tsx(107,6): error TS2322: Type '{ children: Element; data: any[]; width: number; height: number; title: string; onInteraction: (items: any[]) => void; }' is not assignable to type 'IntrinsicAttributes & BaseChartProps'.
  Property 'children' does not exist on type 'IntrinsicAttributes & BaseChartProps'.
src/components/charts/EducationPieChart.tsx(112,23): error TS6133: 'items' is declared but its value is never read.
src/components/charts/EmploymentStatusPieChart.tsx(2,21): error TS7016: Could not find a declaration file for module 'd3'. '/root/autodl-tmp/chi26-image2code/samples/glm/tableau_dashboard_3330_2/node_modules/d3/src/index.js' implicitly has an 'any' type.
  Try `npm i --save-dev @types/d3` if it exists or add a new declaration (.d.ts) file containing `declare module 'd3';`
src/components/charts/EmploymentStatusPieChart.tsx(49,7): error TS7006: Parameter 'v' implicitly has an 'any' type.
src/components/charts/EmploymentStatusPieChart.tsx(50,7): error TS7006: Parameter 'd' implicitly has an 'any' type.
src/components/charts/EmploymentStatusPieChart.tsx(72,14): error TS7006: Parameter 'd' implicitly has an 'any' type.
src/components/charts/EmploymentStatusPieChart.tsx(86,21): error TS7006: Parameter 'd' implicitly has an 'any' type.
src/components/charts/EmploymentStatusPieChart.tsx(87,29): error TS6133: 'event' is declared but its value is never read.
src/components/charts/EmploymentStatusPieChart.tsx(87,29): error TS7006: Parameter 'event' implicitly has an 'any' type.
src/components/charts/EmploymentStatusPieChart.tsx(87,36): error TS7006: Parameter 'd' implicitly has an 'any' type.
src/components/charts/EmploymentStatusPieChart.tsx(88,19): error TS2683: 'this' implicitly has type 'any' because it does not have a type annotation.
src/components/charts/EmploymentStatusPieChart.tsx(89,36): error TS2683: 'this' implicitly has type 'any' because it does not have a type annotation.
src/components/charts/EmploymentStatusPieChart.tsx(91,9): error TS2683: 'this' implicitly has type 'any' because it does not have a type annotation.
src/components/charts/EmploymentStatusPieChart.tsx(98,26): error TS7006: Parameter 'd' implicitly has an 'any' type.
src/components/charts/EmploymentStatusPieChart.tsx(102,13): error TS7006: Parameter 'd' implicitly has an 'any' type.
src/components/charts/EmploymentStatusPieChart.tsx(107,6): error TS2322: Type '{ children: Element; data: any[]; width: number; height: number; title: string; onInteraction: (items: any[]) => void; }' is not assignable to type 'IntrinsicAttributes & BaseChartProps'.
  Property 'children' does not exist on type 'IntrinsicAttributes & BaseChartProps'.
src/components/charts/EmploymentStatusPieChart.tsx(112,23): error TS6133: 'items' is declared but its value is never read.
src/components/charts/YearsOfExperiencePieChart.tsx(2,21): error TS7016: Could not find a declaration file for module 'd3'. '/root/autodl-tmp/chi26-image2code/samples/glm/tableau_dashboard_3330_2/node_modules/d3/src/index.js' implicitly has an 'any' type.
  Try `npm i --save-dev @types/d3` if it exists or add a new declaration (.d.ts) file containing `declare module 'd3';`
src/components/charts/YearsOfExperiencePieChart.tsx(49,7): error TS7006: Parameter 'v' implicitly has an 'any' type.
src/components/charts/YearsOfExperiencePieChart.tsx(50,7): error TS7006: Parameter 'd' implicitly has an 'any' type.
src/components/charts/YearsOfExperiencePieChart.tsx(72,14): error TS7006: Parameter 'd' implicitly has an 'any' type.
src/components/charts/YearsOfExperiencePieChart.tsx(86,21): error TS7006: Parameter 'd' implicitly has an 'any' type.
src/components/charts/YearsOfExperiencePieChart.tsx(87,29): error TS6133: 'event' is declared but its value is never read.
src/components/charts/YearsOfExperiencePieChart.tsx(87,29): error TS7006: Parameter 'event' implicitly has an 'any' type.
src/components/charts/YearsOfExperiencePieChart.tsx(87,36): error TS7006: Parameter 'd' implicitly has an 'any' type.
src/components/charts/YearsOfExperiencePieChart.tsx(88,19): error TS2683: 'this' implicitly has type 'any' because it does not have a type annotation.
src/components/charts/YearsOfExperiencePieChart.tsx(89,36): error TS2683: 'this' implicitly has type 'any' because it does not have a type annotation.
src/components/charts/YearsOfExperiencePieChart.tsx(91,9): error TS2683: 'this' implicitly has type 'any' because it does not have a type annotation.
src/components/charts/YearsOfExperiencePieChart.tsx(98,26): error TS7006: Parameter 'd' implicitly has an 'any' type.
src/components/charts/YearsOfExperiencePieChart.tsx(102,13): error TS7006: Parameter 'd' implicitly has an 'any' type.
src/components/charts/YearsOfExperiencePieChart.tsx(107,6): error TS2322: Type '{ children: Element; data: any[]; width: number; height: number; title: string; onInteraction: (items: any[]) => void; }' is not assignable to type 'IntrinsicAttributes & BaseChartProps'.
  Property 'children' does not exist on type 'IntrinsicAttributes & BaseChartProps'.
src/components/charts/YearsOfExperiencePieChart.tsx(112,23): error TS6133: 'items' is declared but its value is never read.
src/contexts/DashboardContext.tsx(1,54): error TS6133: 'useEffect' is declared but its value is never read.
src/contexts/DashboardContext.tsx(29,16): error TS7006: Parameter 'prev' implicitly has an 'any' type.
"
glm,tableau_dashboard_3430_2,/root/autodl-tmp/chi26-image2code/samples/glm/tableau_dashboard_3430_2,error,,,,,"Build failed for /root/autodl-tmp/chi26-image2code/samples/glm/tableau_dashboard_3430_2:

> tableau_dashboard_3430_2@0.0.0 build
> tsc -b && vite build

src/App.tsx(1,38): error TS6133: 'useMemo' is declared but its value is never read.
src/App.tsx(2,21): error TS7016: Could not find a declaration file for module 'd3'. '/root/autodl-tmp/chi26-image2code/samples/glm/tableau_dashboard_3430_2/node_modules/d3/src/index.js' implicitly has an 'any' type.
  Try `npm i --save-dev @types/d3` if it exists or add a new declaration (.d.ts) file containing `declare module 'd3';`
src/App.tsx(3,10): error TS1484: 'DashboardState' is a type and must be imported using a type-only import when 'verbatimModuleSyntax' is enabled.
src/App.tsx(3,26): error TS1484: 'FilterState' is a type and must be imported using a type-only import when 'verbatimModuleSyntax' is enabled.
src/App.tsx(3,26): error TS6133: 'FilterState' is declared but its value is never read.
src/App.tsx(3,39): error TS1484: 'HighlightState' is a type and must be imported using a type-only import when 'verbatimModuleSyntax' is enabled.
src/App.tsx(3,39): error TS6133: 'HighlightState' is declared but its value is never read.
src/components/AgeComparison.tsx(2,21): error TS7016: Could not find a declaration file for module 'd3'. '/root/autodl-tmp/chi26-image2code/samples/glm/tableau_dashboard_3430_2/node_modules/d3/src/index.js' implicitly has an 'any' type.
  Try `npm i --save-dev @types/d3` if it exists or add a new declaration (.d.ts) file containing `declare module 'd3';`
src/components/AgeComparison.tsx(3,10): error TS1484: 'ChartData' is a type and must be imported using a type-only import when 'verbatimModuleSyntax' is enabled.
src/components/AgeComparison.tsx(3,21): error TS1484: 'DashboardState' is a type and must be imported using a type-only import when 'verbatimModuleSyntax' is enabled.
src/components/AgeComparison.tsx(3,37): error TS1484: 'FilterState' is a type and must be imported using a type-only import when 'verbatimModuleSyntax' is enabled.
src/components/AgeComparison.tsx(3,37): error TS6133: 'FilterState' is declared but its value is never read.
src/components/AgeComparison.tsx(3,50): error TS1484: 'HighlightState' is a type and must be imported using a type-only import when 'verbatimModuleSyntax' is enabled.
src/components/AgeComparison.tsx(3,50): error TS6133: 'HighlightState' is declared but its value is never read.
src/components/AgeComparison.tsx(15,3): error TS6133: 'onHighlightAction' is declared but its value is never read.
src/components/AgeComparison.tsx(52,7): error TS7006: Parameter 'v' implicitly has an 'any' type.
src/components/AgeComparison.tsx(53,7): error TS7006: Parameter 'd' implicitly has an 'any' type.
src/components/AgeComparison.tsx(57,32): error TS18046: 'a' is of type 'unknown'.
src/components/AgeComparison.tsx(57,49): error TS18046: 'b' is of type 'unknown'.
src/components/AgeComparison.tsx(60,34): error TS18046: 'd' is of type 'unknown'.
src/components/AgeComparison.tsx(65,37): error TS7006: Parameter 'd' implicitly has an 'any' type.
src/components/AgeComparison.tsx(75,18): error TS7006: Parameter 'd' implicitly has an 'any' type.
src/components/AgeComparison.tsx(76,18): error TS7006: Parameter 'd' implicitly has an 'any' type.
src/components/AgeComparison.tsx(78,23): error TS7006: Parameter 'd' implicitly has an 'any' type.
src/components/AgeComparison.tsx(79,21): error TS7006: Parameter 'd' implicitly has an 'any' type.
src/components/AgeComparison.tsx(87,21): error TS6133: 'event' is declared but its value is never read.
src/components/AgeComparison.tsx(87,21): error TS7006: Parameter 'event' implicitly has an 'any' type.
src/components/AgeComparison.tsx(87,28): error TS7006: Parameter 'd' implicitly has an 'any' type.
src/components/AgeComparison.tsx(90,33): error TS7006: Parameter 'event' implicitly has an 'any' type.
src/components/AgeComparison.tsx(90,40): error TS7006: Parameter 'd' implicitly has an 'any' type.
src/components/AgeComparison.tsx(91,19): error TS2683: 'this' implicitly has type 'any' because it does not have a type annotation.
src/components/AgeComparison.tsx(102,19): error TS2683: 'this' implicitly has type 'any' because it does not have a type annotation.
src/components/AgeComparison.tsx(103,25): error TS7006: Parameter 'd' implicitly has an 'any' type.
src/components/CustomersVsSubscribersTotals.tsx(2,21): error TS7016: Could not find a declaration file for module 'd3'. '/root/autodl-tmp/chi26-image2code/samples/glm/tableau_dashboard_3430_2/node_modules/d3/src/index.js' implicitly has an 'any' type.
  Try `npm i --save-dev @types/d3` if it exists or add a new declaration (.d.ts) file containing `declare module 'd3';`
src/components/CustomersVsSubscribersTotals.tsx(3,10): error TS1484: 'ChartData' is a type and must be imported using a type-only import when 'verbatimModuleSyntax' is enabled.
src/components/CustomersVsSubscribersTotals.tsx(3,21): error TS1484: 'DashboardState' is a type and must be imported using a type-only import when 'verbatimModuleSyntax' is enabled.
src/components/CustomersVsSubscribersTotals.tsx(3,37): error TS1484: 'FilterState' is a type and must be imported using a type-only import when 'verbatimModuleSyntax' is enabled.
src/components/CustomersVsSubscribersTotals.tsx(3,37): error TS6133: 'FilterState' is declared but its value is never read.
src/components/CustomersVsSubscribersTotals.tsx(3,50): error TS1484: 'HighlightState' is a type and must be imported using a type-only import when 'verbatimModuleSyntax' is enabled.
src/components/CustomersVsSubscribersTotals.tsx(3,50): error TS6133: 'HighlightState' is declared but its value is never read.
src/components/CustomersVsSubscribersTotals.tsx(15,3): error TS6133: 'onHighlightAction' is declared but its value is never read.
src/components/CustomersVsSubscribersTotals.tsx(52,7): error TS7006: Parameter 'v' implicitly has an 'any' type.
src/components/CustomersVsSubscribersTotals.tsx(53,7): error TS7006: Parameter 'd' implicitly has an 'any' type.
src/components/CustomersVsSubscribersTotals.tsx(59,39): error TS18046: 'd' is of type 'unknown'.
src/components/CustomersVsSubscribersTotals.tsx(64,42): error TS7006: Parameter 'd' implicitly has an 'any' type.
src/components/CustomersVsSubscribersTotals.tsx(74,18): error TS7006: Parameter 'd' implicitly has an 'any' type.
src/components/CustomersVsSubscribersTotals.tsx(75,18): error TS7006: Parameter 'd' implicitly has an 'any' type.
src/components/CustomersVsSubscribersTotals.tsx(77,23): error TS7006: Parameter 'd' implicitly has an 'any' type.
src/components/CustomersVsSubscribersTotals.tsx(78,21): error TS7006: Parameter 'd' implicitly has an 'any' type.
src/components/CustomersVsSubscribersTotals.tsx(86,21): error TS6133: 'event' is declared but its value is never read.
src/components/CustomersVsSubscribersTotals.tsx(86,21): error TS7006: Parameter 'event' implicitly has an 'any' type.
src/components/CustomersVsSubscribersTotals.tsx(86,28): error TS7006: Parameter 'd' implicitly has an 'any' type.
src/components/CustomersVsSubscribersTotals.tsx(89,33): error TS7006: Parameter 'event' implicitly has an 'any' type.
src/components/CustomersVsSubscribersTotals.tsx(89,40): error TS7006: Parameter 'd' implicitly has an 'any' type.
src/components/CustomersVsSubscribersTotals.tsx(90,19): error TS2683: 'this' implicitly has type 'any' because it does not have a type annotation.
src/components/CustomersVsSubscribersTotals.tsx(101,19): error TS2683: 'this' implicitly has type 'any' because it does not have a type annotation.
src/components/CustomersVsSubscribersTotals.tsx(102,25): error TS7006: Parameter 'd' implicitly has an 'any' type.
src/components/MaleVsFemaleTotals.tsx(2,21): error TS7016: Could not find a declaration file for module 'd3'. '/root/autodl-tmp/chi26-image2code/samples/glm/tableau_dashboard_3430_2/node_modules/d3/src/index.js' implicitly has an 'any' type.
  Try `npm i --save-dev @types/d3` if it exists or add a new declaration (.d.ts) file containing `declare module 'd3';`
src/components/MaleVsFemaleTotals.tsx(3,10): error TS1484: 'ChartData' is a type and must be imported using a type-only import when 'verbatimModuleSyntax' is enabled.
src/components/MaleVsFemaleTotals.tsx(3,21): error TS1484: 'DashboardState' is a type and must be imported using a type-only import when 'verbatimModuleSyntax' is enabled.
src/components/MaleVsFemaleTotals.tsx(3,37): error TS1484: 'FilterState' is a type and must be imported using a type-only import when 'verbatimModuleSyntax' is enabled.
src/components/MaleVsFemaleTotals.tsx(3,37): error TS6133: 'FilterState' is declared but its value is never read.
src/components/MaleVsFemaleTotals.tsx(3,50): error TS1484: 'HighlightState' is a type and must be imported using a type-only import when 'verbatimModuleSyntax' is enabled.
src/components/MaleVsFemaleTotals.tsx(3,50): error TS6133: 'HighlightState' is declared but its value is never read.
src/components/MaleVsFemaleTotals.tsx(15,3): error TS6133: 'onHighlightAction' is declared but its value is never read.
src/components/MaleVsFemaleTotals.tsx(52,7): error TS7006: Parameter 'v' implicitly has an 'any' type.
src/components/MaleVsFemaleTotals.tsx(53,7): error TS7006: Parameter 'd' implicitly has an 'any' type.
src/components/MaleVsFemaleTotals.tsx(59,37): error TS18046: 'd' is of type 'unknown'.
src/components/MaleVsFemaleTotals.tsx(64,40): error TS7006: Parameter 'd' implicitly has an 'any' type.
src/components/MaleVsFemaleTotals.tsx(74,18): error TS7006: Parameter 'd' implicitly has an 'any' type.
src/components/MaleVsFemaleTotals.tsx(75,18): error TS7006: Parameter 'd' implicitly has an 'any' type.
src/components/MaleVsFemaleTotals.tsx(77,23): error TS7006: Parameter 'd' implicitly has an 'any' type.
src/components/MaleVsFemaleTotals.tsx(78,21): error TS7006: Parameter 'd' implicitly has an 'any' type.
src/components/MaleVsFemaleTotals.tsx(86,21): error TS6133: 'event' is declared but its value is never read.
src/components/MaleVsFemaleTotals.tsx(86,21): error TS7006: Parameter 'event' implicitly has an 'any' type.
src/components/MaleVsFemaleTotals.tsx(86,28): error TS7006: Parameter 'd' implicitly has an 'any' type.
src/components/MaleVsFemaleTotals.tsx(89,33): error TS7006: Parameter 'event' implicitly has an 'any' type.
src/components/MaleVsFemaleTotals.tsx(89,40): error TS7006: Parameter 'd' implicitly has an 'any' type.
src/components/MaleVsFemaleTotals.tsx(90,19): error TS2683: 'this' implicitly has type 'any' because it does not have a type annotation.
src/components/MaleVsFemaleTotals.tsx(101,19): error TS2683: 'this' implicitly has type 'any' because it does not have a type annotation.
src/components/MaleVsFemaleTotals.tsx(102,25): error TS7006: Parameter 'd' implicitly has an 'any' type.
src/components/TotalTrips2020.tsx(2,21): error TS7016: Could not find a declaration file for module 'd3'. '/root/autodl-tmp/chi26-image2code/samples/glm/tableau_dashboard_3430_2/node_modules/d3/src/index.js' implicitly has an 'any' type.
  Try `npm i --save-dev @types/d3` if it exists or add a new declaration (.d.ts) file containing `declare module 'd3';`
src/components/TotalTrips2020.tsx(3,10): error TS1484: 'ChartData' is a type and must be imported using a type-only import when 'verbatimModuleSyntax' is enabled.
src/components/TotalTrips2020.tsx(3,21): error TS1484: 'DashboardState' is a type and must be imported using a type-only import when 'verbatimModuleSyntax' is enabled.
src/components/TotalTrips2020.tsx(3,37): error TS1484: 'FilterState' is a type and must be imported using a type-only import when 'verbatimModuleSyntax' is enabled.
src/components/TotalTrips2020.tsx(3,37): error TS6133: 'FilterState' is declared but its value is never read.
src/components/TotalTrips2020.tsx(3,50): error TS1484: 'HighlightState' is a type and must be imported using a type-only import when 'verbatimModuleSyntax' is enabled.
src/components/TotalTrips2020.tsx(3,50): error TS6133: 'HighlightState' is declared but its value is never read.
src/components/TotalTrips2020.tsx(15,3): error TS6133: 'onHighlightAction' is declared but its value is never read.
src/components/TotalTrips2020.tsx(52,7): error TS7006: Parameter 'v' implicitly has an 'any' type.
src/components/TotalTrips2020.tsx(53,7): error TS7006: Parameter 'd' implicitly has an 'any' type.
src/components/TotalTrips2020.tsx(57,12): error TS2345: Argument of type '([month, count]: [any, any]) => { month: any; count: any; monthName: string; }' is not assignable to parameter of type '(value: unknown, index: number, array: unknown[]) => { month: any; count: any; monthName: string; }'.
  Types of parameters '__0' and 'value' are incompatible.
    Type 'unknown' is not assignable to type '[any, any]'.
src/components/TotalTrips2020.tsx(62,23): error TS18046: 'a' is of type 'unknown'.
src/components/TotalTrips2020.tsx(62,33): error TS18046: 'b' is of type 'unknown'.
src/components/TotalTrips2020.tsx(65,36): error TS18046: 'd' is of type 'unknown'.
src/components/TotalTrips2020.tsx(70,39): error TS7006: Parameter 'd' implicitly has an 'any' type.
src/components/TotalTrips2020.tsx(80,18): error TS7006: Parameter 'd' implicitly has an 'any' type.
src/components/TotalTrips2020.tsx(81,18): error TS7006: Parameter 'd' implicitly has an 'any' type.
src/components/TotalTrips2020.tsx(83,23): error TS7006: Parameter 'd' implicitly has an 'any' type.
src/components/TotalTrips2020.tsx(84,21): error TS7006: Parameter 'd' implicitly has an 'any' type.
src/components/TotalTrips2020.tsx(92,21): error TS6133: 'event' is declared but its value is never read.
src/components/TotalTrips2020.tsx(92,21): error TS7006: Parameter 'event' implicitly has an 'any' type.
src/components/TotalTrips2020.tsx(92,28): error TS7006: Parameter 'd' implicitly has an 'any' type.
src/components/TotalTrips2020.tsx(95,33): error TS7006: Parameter 'event' implicitly has an 'any' type.
src/components/TotalTrips2020.tsx(95,40): error TS7006: Parameter 'd' implicitly has an 'any' type.
src/components/TotalTrips2020.tsx(96,19): error TS2683: 'this' implicitly has type 'any' because it does not have a type annotation.
src/components/TotalTrips2020.tsx(107,19): error TS2683: 'this' implicitly has type 'any' because it does not have a type annotation.
src/components/TotalTrips2020.tsx(108,25): error TS7006: Parameter 'd' implicitly has an 'any' type.
"
glm,tableau_dashboard_3430_3,/root/autodl-tmp/chi26-image2code/samples/glm/tableau_dashboard_3430_3,error,,,,,"Build failed for /root/autodl-tmp/chi26-image2code/samples/glm/tableau_dashboard_3430_3:

> tableau_dashboard_3430_3@0.0.0 build
> tsc -b && vite build

src/App.tsx(2,21): error TS7016: Could not find a declaration file for module 'd3'. '/root/autodl-tmp/chi26-image2code/samples/glm/tableau_dashboard_3430_3/node_modules/d3/src/index.js' implicitly has an 'any' type.
  Try `npm i --save-dev @types/d3` if it exists or add a new declaration (.d.ts) file containing `declare module 'd3';`
src/App.tsx(86,7): error TS7006: Parameter 'v' implicitly has an 'any' type.
src/App.tsx(87,7): error TS7006: Parameter 'd' implicitly has an 'any' type.
src/App.tsx(93,7): error TS7006: Parameter 'v' implicitly has an 'any' type.
src/App.tsx(94,7): error TS7006: Parameter 'd' implicitly has an 'any' type.
src/App.tsx(99,23): error TS18046: 'b' is of type 'unknown'.
src/App.tsx(99,30): error TS18046: 'a' is of type 'unknown'.
src/App.tsx(101,12): error TS2345: Argument of type '([name, count]: [any, any]) => { name: any; value: any; }' is not assignable to parameter of type '(value: unknown, index: number, array: unknown[]) => { name: any; value: any; }'.
  Types of parameters '__0' and 'value' are incompatible.
    Type 'unknown' is not assignable to type '[any, any]'.
src/App.tsx(105,23): error TS18046: 'a' is of type 'unknown'.
src/App.tsx(105,30): error TS18046: 'b' is of type 'unknown'.
src/App.tsx(107,12): error TS2345: Argument of type '([name, count]: [any, any]) => { name: any; value: any; }' is not assignable to parameter of type '(value: unknown, index: number, array: unknown[]) => { name: any; value: any; }'.
  Types of parameters '__0' and 'value' are incompatible.
    Type 'unknown' is not assignable to type '[any, any]'.
src/App.tsx(111,23): error TS18046: 'b' is of type 'unknown'.
src/App.tsx(111,30): error TS18046: 'a' is of type 'unknown'.
src/App.tsx(113,12): error TS2345: Argument of type '([name, count]: [any, any]) => { name: any; value: any; }' is not assignable to parameter of type '(value: unknown, index: number, array: unknown[]) => { name: any; value: any; }'.
  Types of parameters '__0' and 'value' are incompatible.
    Type 'unknown' is not assignable to type '[any, any]'.
src/App.tsx(117,23): error TS18046: 'a' is of type 'unknown'.
src/App.tsx(117,30): error TS18046: 'b' is of type 'unknown'.
src/App.tsx(119,12): error TS2345: Argument of type '([name, count]: [any, any]) => { name: any; value: any; }' is not assignable to parameter of type '(value: unknown, index: number, array: unknown[]) => { name: any; value: any; }'.
  Types of parameters '__0' and 'value' are incompatible.
    Type 'unknown' is not assignable to type '[any, any]'.
src/App.tsx(143,9): error TS6133: 'handleStationHighlight' is declared but its value is never read.
src/App.tsx(178,34): error TS7006: Parameter 'd' implicitly has an 'any' type.
src/App.tsx(192,20): error TS7006: Parameter 'd' implicitly has an 'any' type.
src/App.tsx(193,24): error TS7006: Parameter 'd' implicitly has an 'any' type.
src/App.tsx(195,23): error TS7006: Parameter 'd' implicitly has an 'any' type.
src/App.tsx(202,23): error TS6133: 'event' is declared but its value is never read.
src/App.tsx(202,23): error TS7006: Parameter 'event' implicitly has an 'any' type.
src/App.tsx(202,30): error TS7006: Parameter 'd' implicitly has an 'any' type.
src/App.tsx(209,20): error TS7006: Parameter 'd' implicitly has an 'any' type.
src/App.tsx(210,20): error TS7006: Parameter 'd' implicitly has an 'any' type.
src/App.tsx(212,15): error TS7006: Parameter 'd' implicitly has an 'any' type.
src/App.tsx(262,15): error TS2322: Type 'unknown[]' is not assignable to type 'ChartData[]'.
  Type 'unknown' is not assignable to type 'ChartData'.
src/App.tsx(271,15): error TS2322: Type 'unknown[]' is not assignable to type 'ChartData[]'.
  Type 'unknown' is not assignable to type 'ChartData'.
src/App.tsx(284,15): error TS2322: Type 'unknown[]' is not assignable to type 'ChartData[]'.
  Type 'unknown' is not assignable to type 'ChartData'.
src/App.tsx(293,15): error TS2322: Type 'unknown[]' is not assignable to type 'ChartData[]'.
  Type 'unknown' is not assignable to type 'ChartData'.
"
glm,tableau_dashboard_3480_3,/root/autodl-tmp/chi26-image2code/samples/glm/tableau_dashboard_3480_3,error,,,,,"Build failed for /root/autodl-tmp/chi26-image2code/samples/glm/tableau_dashboard_3480_3:

> tableau_dashboard_3480_3@0.0.0 build
> tsc -b && vite build

src/App.tsx(6,10): error TS6133: 'count' is declared but its value is never read.
src/App.tsx(6,17): error TS6133: 'setCount' is declared but its value is never read.
src/components/Dashboard.tsx(2,10): error TS1484: 'TripData' is a type and must be imported using a type-only import when 'verbatimModuleSyntax' is enabled.
src/components/Dashboard.tsx(2,20): error TS1484: 'DashboardState' is a type and must be imported using a type-only import when 'verbatimModuleSyntax' is enabled.
src/components/Dashboard.tsx(2,36): error TS1484: 'ProcessedData' is a type and must be imported using a type-only import when 'verbatimModuleSyntax' is enabled.
src/components/Dashboard.tsx(2,51): error TS1484: 'ChartData' is a type and must be imported using a type-only import when 'verbatimModuleSyntax' is enabled.
src/components/Dashboard.tsx(42,15): error TS7053: Element implicitly has an 'any' type because expression of type 'string' can't be used to index type 'TripData'.
  No index signature with a parameter of type 'string' was found on type 'TripData'.
src/components/GenderTripsByHourChart.tsx(2,21): error TS7016: Could not find a declaration file for module 'd3'. '/root/autodl-tmp/chi26-image2code/samples/glm/tableau_dashboard_3480_3/node_modules/d3/src/index.js' implicitly has an 'any' type.
  Try `npm i --save-dev @types/d3` if it exists or add a new declaration (.d.ts) file containing `declare module 'd3';`
src/components/GenderTripsByHourChart.tsx(3,10): error TS1484: 'ChartData' is a type and must be imported using a type-only import when 'verbatimModuleSyntax' is enabled.
src/components/GenderTripsByHourChart.tsx(3,21): error TS1484: 'DashboardState' is a type and must be imported using a type-only import when 'verbatimModuleSyntax' is enabled.
src/components/GenderTripsByHourChart.tsx(3,21): error TS6133: 'DashboardState' is declared but its value is never read.
src/components/GenderTripsByHourChart.tsx(86,15): error TS7006: Parameter 'd' implicitly has an 'any' type.
src/components/GenderTripsByHourChart.tsx(86,18): error TS6133: 'key' is declared but its value is never read.
src/components/GenderTripsByHourChart.tsx(86,18): error TS7006: Parameter 'key' implicitly has an 'any' type.
src/components/GenderTripsByHourChart.tsx(95,11): error TS6133: 'bars' is declared but its value is never read.
src/components/GenderTripsByHourChart.tsx(100,13): error TS7006: Parameter 'd' implicitly has an 'any' type.
src/components/GenderTripsByHourChart.tsx(102,18): error TS7006: Parameter 'd' implicitly has an 'any' type.
src/components/GenderTripsByHourChart.tsx(103,18): error TS7006: Parameter 'd' implicitly has an 'any' type.
src/components/GenderTripsByHourChart.tsx(104,23): error TS7006: Parameter 'd' implicitly has an 'any' type.
src/components/GenderTripsByHourChart.tsx(106,21): error TS7006: Parameter 'd' implicitly has an 'any' type.
src/components/GenderTripsByHourChart.tsx(108,29): error TS6133: 'event' is declared but its value is never read.
src/components/GenderTripsByHourChart.tsx(108,29): error TS7006: Parameter 'event' implicitly has an 'any' type.
src/components/GenderTripsByHourChart.tsx(108,36): error TS7006: Parameter 'd' implicitly has an 'any' type.
src/components/GenderTripsByHourChart.tsx(119,33): error TS6133: 'event' is declared but its value is never read.
src/components/GenderTripsByHourChart.tsx(119,33): error TS7006: Parameter 'event' implicitly has an 'any' type.
src/components/GenderTripsByHourChart.tsx(119,40): error TS6133: 'd' is declared but its value is never read.
src/components/GenderTripsByHourChart.tsx(119,40): error TS7006: Parameter 'd' implicitly has an 'any' type.
src/components/GenderTripsByHourChart.tsx(120,19): error TS2683: 'this' implicitly has type 'any' because it does not have a type annotation.
src/components/GenderTripsByHourChart.tsx(123,32): error TS6133: 'event' is declared but its value is never read.
src/components/GenderTripsByHourChart.tsx(123,32): error TS7006: Parameter 'event' implicitly has an 'any' type.
src/components/GenderTripsByHourChart.tsx(123,39): error TS6133: 'd' is declared but its value is never read.
src/components/GenderTripsByHourChart.tsx(123,39): error TS7006: Parameter 'd' implicitly has an 'any' type.
src/components/GenderTripsByHourChart.tsx(124,19): error TS2683: 'this' implicitly has type 'any' because it does not have a type annotation.
src/components/TripsByDayOfMonthChart.tsx(2,21): error TS7016: Could not find a declaration file for module 'd3'. '/root/autodl-tmp/chi26-image2code/samples/glm/tableau_dashboard_3480_3/node_modules/d3/src/index.js' implicitly has an 'any' type.
  Try `npm i --save-dev @types/d3` if it exists or add a new declaration (.d.ts) file containing `declare module 'd3';`
src/components/TripsByDayOfMonthChart.tsx(3,10): error TS1484: 'ChartData' is a type and must be imported using a type-only import when 'verbatimModuleSyntax' is enabled.
src/components/TripsByDayOfMonthChart.tsx(3,21): error TS1484: 'DashboardState' is a type and must be imported using a type-only import when 'verbatimModuleSyntax' is enabled.
src/components/TripsByDayOfMonthChart.tsx(3,21): error TS6133: 'DashboardState' is declared but its value is never read.
src/components/TripsByDayOfMonthChart.tsx(84,11): error TS6133: 'bars' is declared but its value is never read.
src/components/TripsByDayOfMonthChart.tsx(88,19): error TS6133: 'd' is declared but its value is never read.
src/components/TripsByDayOfMonthChart.tsx(88,19): error TS7006: Parameter 'd' implicitly has an 'any' type.
src/components/TripsByDayOfMonthChart.tsx(88,22): error TS7006: Parameter 'i' implicitly has an 'any' type.
src/components/TripsByDayOfMonthChart.tsx(89,18): error TS7006: Parameter 'd' implicitly has an 'any' type.
src/components/TripsByDayOfMonthChart.tsx(90,23): error TS7006: Parameter 'd' implicitly has an 'any' type.
src/components/TripsByDayOfMonthChart.tsx(94,29): error TS6133: 'event' is declared but its value is never read.
src/components/TripsByDayOfMonthChart.tsx(94,29): error TS7006: Parameter 'event' implicitly has an 'any' type.
src/components/TripsByDayOfMonthChart.tsx(94,36): error TS6133: 'd' is declared but its value is never read.
src/components/TripsByDayOfMonthChart.tsx(94,36): error TS7006: Parameter 'd' implicitly has an 'any' type.
src/components/TripsByDayOfMonthChart.tsx(94,39): error TS7006: Parameter 'i' implicitly has an 'any' type.
src/components/TripsByDayOfMonthChart.tsx(98,33): error TS6133: 'event' is declared but its value is never read.
src/components/TripsByDayOfMonthChart.tsx(98,33): error TS7006: Parameter 'event' implicitly has an 'any' type.
src/components/TripsByDayOfMonthChart.tsx(98,40): error TS6133: 'd' is declared but its value is never read.
src/components/TripsByDayOfMonthChart.tsx(98,40): error TS7006: Parameter 'd' implicitly has an 'any' type.
src/components/TripsByDayOfMonthChart.tsx(98,43): error TS6133: 'i' is declared but its value is never read.
src/components/TripsByDayOfMonthChart.tsx(98,43): error TS7006: Parameter 'i' implicitly has an 'any' type.
src/components/TripsByDayOfMonthChart.tsx(99,19): error TS2683: 'this' implicitly has type 'any' because it does not have a type annotation.
src/components/TripsByDayOfMonthChart.tsx(102,32): error TS6133: 'event' is declared but its value is never read.
src/components/TripsByDayOfMonthChart.tsx(102,32): error TS7006: Parameter 'event' implicitly has an 'any' type.
src/components/TripsByDayOfMonthChart.tsx(102,39): error TS6133: 'd' is declared but its value is never read.
src/components/TripsByDayOfMonthChart.tsx(102,39): error TS7006: Parameter 'd' implicitly has an 'any' type.
src/components/TripsByDayOfMonthChart.tsx(102,42): error TS6133: 'i' is declared but its value is never read.
src/components/TripsByDayOfMonthChart.tsx(102,42): error TS7006: Parameter 'i' implicitly has an 'any' type.
src/components/TripsByDayOfMonthChart.tsx(103,19): error TS2683: 'this' implicitly has type 'any' because it does not have a type annotation.
src/components/TripsByDayOfMonthChart.tsx(112,19): error TS6133: 'd' is declared but its value is never read.
src/components/TripsByDayOfMonthChart.tsx(112,19): error TS7006: Parameter 'd' implicitly has an 'any' type.
src/components/TripsByDayOfMonthChart.tsx(112,22): error TS7006: Parameter 'i' implicitly has an 'any' type.
src/components/TripsByDayOfMonthChart.tsx(113,18): error TS7006: Parameter 'd' implicitly has an 'any' type.
src/components/TripsByDayOfMonthChart.tsx(115,13): error TS7006: Parameter 'd' implicitly has an 'any' type.
src/utils/dataProcessor.ts(1,10): error TS1484: 'TripData' is a type and must be imported using a type-only import when 'verbatimModuleSyntax' is enabled.
src/utils/dataProcessor.ts(1,20): error TS1484: 'ProcessedData' is a type and must be imported using a type-only import when 'verbatimModuleSyntax' is enabled.
src/utils/dataProcessor.ts(44,62): error TS2304: Cannot find name 'ChartData'.
src/utils/dataProcessor.ts(84,62): error TS2304: Cannot find name 'ChartData'.
"
glm,tableau_dashboard_3533,/root/autodl-tmp/chi26-image2code/samples/glm/tableau_dashboard_3533,error,,,,,"Dependency install failed for /root/autodl-tmp/chi26-image2code/samples/glm/tableau_dashboard_3533:
npm error code ETARGET
npm error notarget No matching version found for d3@^7.12.0.
npm error notarget In most cases you or one of your dependencies are requesting
npm error notarget a package version that doesn't exist.
npm error A complete log of this run can be found in: /root/.npm/_logs/2026-04-01T04_25_21_186Z-debug-0.log
"
glm,tableau_dashboard_357,/root/autodl-tmp/chi26-image2code/samples/glm/tableau_dashboard_357,error,,,,,"Build failed for /root/autodl-tmp/chi26-image2code/samples/glm/tableau_dashboard_357:

> tableau_dashboard_357@0.0.0 build
> tsc -b && vite build

src/components/BarChart.tsx(75,11): error TS6133: 'bars' is declared but its value is never read.
src/components/BarChart.tsx(89,21): error TS6133: 'event' is declared but its value is never read.
src/components/BarChart.tsx(113,9): error TS2322: Type '{ ref: RefObject<SVGSVGElement | null>; width: number; height: number; className: string; }' is not assignable to type 'IntrinsicAttributes & D3ChartProps'.
  Property 'ref' does not exist on type 'IntrinsicAttributes & D3ChartProps'.
src/components/D3Chart.tsx(40,25): error TS6133: 'd' is declared but its value is never read.
src/components/D3Chart.tsx(62,19): error TS6133: 'd' is declared but its value is never read.
src/components/LineChart.tsx(76,11): error TS6133: 'path' is declared but its value is never read.
src/components/LineChart.tsx(84,11): error TS6133: 'points' is declared but its value is never read.
src/components/LineChart.tsx(97,21): error TS6133: 'event' is declared but its value is never read.
src/components/TableChart.tsx(62,21): error TS6133: 'event' is declared but its value is never read.
src/hooks/HighlightManager.ts(1,1): error TS6192: All imports in import declaration are unused.
"
glm,tableau_dashboard_3572,/root/autodl-tmp/chi26-image2code/samples/glm/tableau_dashboard_3572,error,,,,,"Build failed for /root/autodl-tmp/chi26-image2code/samples/glm/tableau_dashboard_3572:

> tableau_dashboard_3572@1.0.0 build
> tsc -b && vite build

src/App.tsx(7,10): error TS1484: 'DashboardState' is a type and must be imported using a type-only import when 'verbatimModuleSyntax' is enabled.
src/App.tsx(7,26): error TS1484: 'HighlightBinding' is a type and must be imported using a type-only import when 'verbatimModuleSyntax' is enabled.
src/App.tsx(7,44): error TS1484: 'HighlightMode' is a type and must be imported using a type-only import when 'verbatimModuleSyntax' is enabled.
src/App.tsx(7,44): error TS6133: 'HighlightMode' is declared but its value is never read.
src/App.tsx(66,10): error TS6133: 'filteredData' is declared but its value is never read.
src/charts/BarChart.tsx(3,10): error TS1484: 'ChartData' is a type and must be imported using a type-only import when 'verbatimModuleSyntax' is enabled.
src/charts/BarChart.tsx(3,21): error TS1484: 'HighlightBinding' is a type and must be imported using a type-only import when 'verbatimModuleSyntax' is enabled.
src/charts/BarChart.tsx(3,39): error TS1484: 'HighlightMode' is a type and must be imported using a type-only import when 'verbatimModuleSyntax' is enabled.
src/charts/BarChart.tsx(3,39): error TS6133: 'HighlightMode' is declared but its value is never read.
src/charts/BarChart.tsx(20,3): error TS6133: 'highlightBindings' is declared but its value is never read.
src/charts/BarChart.tsx(88,11): error TS6133: 'bars' is declared but its value is never read.
src/charts/BarChart.tsx(97,25): error TS6133: 'i' is declared but its value is never read.
src/charts/BarChart.tsx(104,21): error TS6133: 'event' is declared but its value is never read.
src/components/DepartmentWiseDistribution.tsx(3,10): error TS1484: 'HRData' is a type and must be imported using a type-only import when 'verbatimModuleSyntax' is enabled.
src/components/DepartmentWiseDistribution.tsx(3,10): error TS6133: 'HRData' is declared but its value is never read.
src/components/DepartmentWiseDistribution.tsx(3,18): error TS1484: 'ChartData' is a type and must be imported using a type-only import when 'verbatimModuleSyntax' is enabled.
src/components/DepartmentWiseDistribution.tsx(3,29): error TS1484: 'HighlightBinding' is a type and must be imported using a type-only import when 'verbatimModuleSyntax' is enabled.
src/components/DepartmentWiseDistribution.tsx(15,3): error TS6133: 'highlightBindings' is declared but its value is never read.
src/components/EmployeeMonthlyHoursDistribution.tsx(3,10): error TS1484: 'HRData' is a type and must be imported using a type-only import when 'verbatimModuleSyntax' is enabled.
src/components/EmployeeMonthlyHoursDistribution.tsx(3,10): error TS6133: 'HRData' is declared but its value is never read.
src/components/EmployeeMonthlyHoursDistribution.tsx(3,18): error TS1484: 'ChartData' is a type and must be imported using a type-only import when 'verbatimModuleSyntax' is enabled.
src/components/EmployeeProjectCountTurnoverDistribution.tsx(3,10): error TS1484: 'HRData' is a type and must be imported using a type-only import when 'verbatimModuleSyntax' is enabled.
src/components/EmployeeProjectCountTurnoverDistribution.tsx(3,10): error TS6133: 'HRData' is declared but its value is never read.
src/components/EmployeeProjectCountTurnoverDistribution.tsx(3,18): error TS1484: 'ChartData' is a type and must be imported using a type-only import when 'verbatimModuleSyntax' is enabled.
src/components/EmployeeProjectCountTurnoverDistribution.tsx(3,29): error TS1484: 'HighlightBinding' is a type and must be imported using a type-only import when 'verbatimModuleSyntax' is enabled.
src/components/EmployeeProjectCountTurnoverDistribution.tsx(15,3): error TS6133: 'highlightBindings' is declared but its value is never read.
src/components/EmployeeSatisfactionLevel.tsx(3,10): error TS1484: 'HRData' is a type and must be imported using a type-only import when 'verbatimModuleSyntax' is enabled.
src/components/EmployeeSatisfactionLevel.tsx(3,10): error TS6133: 'HRData' is declared but its value is never read.
src/components/EmployeeSatisfactionLevel.tsx(3,18): error TS1484: 'ChartData' is a type and must be imported using a type-only import when 'verbatimModuleSyntax' is enabled.
src/components/EmployeeTurnoverYearsWorkedDistribution.tsx(3,10): error TS1484: 'HRData' is a type and must be imported using a type-only import when 'verbatimModuleSyntax' is enabled.
src/components/EmployeeTurnoverYearsWorkedDistribution.tsx(3,10): error TS6133: 'HRData' is declared but its value is never read.
src/components/EmployeeTurnoverYearsWorkedDistribution.tsx(3,18): error TS1484: 'ChartData' is a type and must be imported using a type-only import when 'verbatimModuleSyntax' is enabled.
src/components/EmployeeTurnoverYearsWorkedDistribution.tsx(3,29): error TS1484: 'HighlightBinding' is a type and must be imported using a type-only import when 'verbatimModuleSyntax' is enabled.
src/components/EmployeeTurnoverYearsWorkedDistribution.tsx(15,3): error TS6133: 'highlightBindings' is declared but its value is never read.
src/utils/dataUtils.ts(1,10): error TS1484: 'HRData' is a type and must be imported using a type-only import when 'verbatimModuleSyntax' is enabled.
src/utils/dataUtils.ts(42,24): error TS7053: Element implicitly has an 'any' type because expression of type 'string' can't be used to index type 'HRData'.
  No index signature with a parameter of type 'string' was found on type 'HRData'.
src/utils/dataUtils.ts(43,19): error TS7053: Element implicitly has an 'any' type because expression of type 'string' can't be used to index type 'HRData'.
  No index signature with a parameter of type 'string' was found on type 'HRData'.
"
glm,tableau_dashboard_3980_1,/root/autodl-tmp/chi26-image2code/samples/glm/tableau_dashboard_3980_1,ok,0.11807692307692308,0.0,True,0,
glm,tableau_dashboard_3980_2,/root/autodl-tmp/chi26-image2code/samples/glm/tableau_dashboard_3980_2,error,,,,,"reference episode compilation failed: Build failed for /root/autodl-tmp/chi26-image2code/samples/ours/tableau_dashboard_3980_2:

> vite_template_tmp@0.0.0 build
> tsc -b && vite build

src/services/dataLoader.ts(45,21): error TS2339: Property 'env' does not exist on type 'ImportMeta'.
src/services/dataLoader.ts(194,21): error TS2339: Property 'env' does not exist on type 'ImportMeta'.
"
glm,tableau_dashboard_3980_4,/root/autodl-tmp/chi26-image2code/samples/glm/tableau_dashboard_3980_4,error,,,,,"Build failed for /root/autodl-tmp/chi26-image2code/samples/glm/tableau_dashboard_3980_4:

> tableau_dashboard_3980_4@0.0.0 build
> tsc -b && vite build

src/components/Dashboard.tsx(5,10): error TS6133: 'HighlightProvider' is declared but its value is never read.
src/components/Dashboard.tsx(15,11): error TS6196: 'HighlightState' is declared but never used.
src/components/HorizontalBarChart.tsx(2,90): error TS2307: Cannot find module 'recharts' or its corresponding type declarations.
src/components/HorizontalBarChart.tsx(42,13): error TS17001: JSX elements cannot have multiple attributes with the same name.
src/components/VerticalBarChart.tsx(2,98): error TS2307: Cannot find module 'recharts' or its corresponding type declarations.
src/components/VerticalBarChart.tsx(17,3): error TS6133: 'highlightState' is declared but its value is never read.
"
glm,tableau_dashboard_451_1,/root/autodl-tmp/chi26-image2code/samples/glm/tableau_dashboard_451_1,error,,,,,"Build failed for /root/autodl-tmp/chi26-image2code/samples/glm/tableau_dashboard_451_1:

> tableau_dashboard_451_1@0.0.0 build
> tsc -b && vite build

src/App.tsx(2,21): error TS7016: Could not find a declaration file for module 'd3'. '/root/autodl-tmp/chi26-image2code/samples/glm/tableau_dashboard_451_1/node_modules/d3/src/index.js' implicitly has an 'any' type.
  Try `npm i --save-dev @types/d3` if it exists or add a new declaration (.d.ts) file containing `declare module 'd3';`
src/App.tsx(52,11): error TS2322: Type 'number' is not assignable to type 'string'.
src/App.tsx(53,11): error TS2322: Type 'number' is not assignable to type 'string'.
src/App.tsx(54,11): error TS2322: Type 'number' is not assignable to type 'string'.
src/App.tsx(55,11): error TS2322: Type 'number' is not assignable to type 'string'.
src/App.tsx(158,20): error TS7006: Parameter 'd' implicitly has an 'any' type.
src/App.tsx(159,20): error TS7006: Parameter 'd' implicitly has an 'any' type.
src/App.tsx(160,19): error TS7006: Parameter 'd' implicitly has an 'any' type.
src/App.tsx(161,22): error TS7006: Parameter 'd' implicitly has an 'any' type.
src/App.tsx(168,27): error TS6133: 'event' is declared but its value is never read.
src/App.tsx(168,27): error TS7006: Parameter 'event' implicitly has an 'any' type.
src/App.tsx(168,34): error TS7006: Parameter 'd' implicitly has an 'any' type.
src/App.tsx(185,19): error TS7006: Parameter 'd' implicitly has an 'any' type.
src/App.tsx(186,19): error TS7006: Parameter 'd' implicitly has an 'any' type.
src/App.tsx(187,14): error TS7006: Parameter 'd' implicitly has an 'any' type.
src/App.tsx(224,39): error TS7006: Parameter 'd' implicitly has an 'any' type.
src/App.tsx(230,45): error TS7006: Parameter 'sum' implicitly has an 'any' type.
src/App.tsx(230,50): error TS7006: Parameter 'row' implicitly has an 'any' type.
src/App.tsx(245,41): error TS7006: Parameter 'd' implicitly has an 'any' type.
src/App.tsx(257,18): error TS7006: Parameter 'd' implicitly has an 'any' type.
src/App.tsx(259,18): error TS7006: Parameter 'd' implicitly has an 'any' type.
src/App.tsx(260,23): error TS7006: Parameter 'd' implicitly has an 'any' type.
src/App.tsx(261,21): error TS7006: Parameter 'd' implicitly has an 'any' type.
src/App.tsx(268,26): error TS6133: 'event' is declared but its value is never read.
src/App.tsx(268,26): error TS7006: Parameter 'event' implicitly has an 'any' type.
src/App.tsx(268,33): error TS7006: Parameter 'd' implicitly has an 'any' type.
src/App.tsx(281,18): error TS7006: Parameter 'd' implicitly has an 'any' type.
src/App.tsx(282,18): error TS7006: Parameter 'd' implicitly has an 'any' type.
src/App.tsx(284,13): error TS7006: Parameter 'd' implicitly has an 'any' type.
"
glm,tableau_dashboard_4836,/root/autodl-tmp/chi26-image2code/samples/glm/tableau_dashboard_4836,error,,,,,"Build failed for /root/autodl-tmp/chi26-image2code/samples/glm/tableau_dashboard_4836:

> tableau_dashboard_4836@0.0.0 build
> tsc -b && vite build

src/App.tsx(244,41): error TS7053: Element implicitly has an 'any' type because expression of type 'string' can't be used to index type 'DataRecord'.
  No index signature with a parameter of type 'string' was found on type 'DataRecord'.
src/App.tsx(248,35): error TS7053: Element implicitly has an 'any' type because expression of type 'string' can't be used to index type 'DataRecord'.
  No index signature with a parameter of type 'string' was found on type 'DataRecord'.
src/App.tsx(253,41): error TS7053: Element implicitly has an 'any' type because expression of type 'string' can't be used to index type 'DataRecord'.
  No index signature with a parameter of type 'string' was found on type 'DataRecord'.
src/App.tsx(257,35): error TS7053: Element implicitly has an 'any' type because expression of type 'string' can't be used to index type 'DataRecord'.
  No index signature with a parameter of type 'string' was found on type 'DataRecord'.
"
glm,tableau_dashboard_4836_1,/root/autodl-tmp/chi26-image2code/samples/glm/tableau_dashboard_4836_1,error,,,,,"Build failed for /root/autodl-tmp/chi26-image2code/samples/glm/tableau_dashboard_4836_1:

> tableau_dashboard_4836_1@0.0.0 build
> tsc -b && vite build

src/App.tsx(1,8): error TS6133: 'React' is declared but its value is never read.
src/components/SummaryStats.tsx(1,17): error TS6133: 'useState' is declared but its value is never read.
src/components/SummaryStats.tsx(2,69): error TS6133: 'format' is declared but its value is never read.
src/components/SummaryStats.tsx(2,83): error TS7016: Could not find a declaration file for module 'd3'. '/root/autodl-tmp/chi26-image2code/samples/glm/tableau_dashboard_4836_1/node_modules/d3/src/index.js' implicitly has an 'any' type.
  Try `npm i --save-dev @types/d3` if it exists or add a new declaration (.d.ts) file containing `declare module 'd3';`
src/components/SummaryStats.tsx(71,18): error TS7006: Parameter 'd' implicitly has an 'any' type.
src/components/SummaryStats.tsx(72,18): error TS7006: Parameter 'd' implicitly has an 'any' type.
src/components/SummaryStats.tsx(74,23): error TS7006: Parameter 'd' implicitly has an 'any' type.
src/utils/dataUtils.ts(1,21): error TS7016: Could not find a declaration file for module 'd3'. '/root/autodl-tmp/chi26-image2code/samples/glm/tableau_dashboard_4836_1/node_modules/d3/src/index.js' implicitly has an 'any' type.
  Try `npm i --save-dev @types/d3` if it exists or add a new declaration (.d.ts) file containing `declare module 'd3';`
"
glm,tableau_dashboard_4836_2,/root/autodl-tmp/chi26-image2code/samples/glm/tableau_dashboard_4836_2,ok,0.0,0.0,True,0,
glm,tableau_dashboard_4836_3,/root/autodl-tmp/chi26-image2code/samples/glm/tableau_dashboard_4836_3,error,,,,,"Build failed for /root/autodl-tmp/chi26-image2code/samples/glm/tableau_dashboard_4836_3:

> tableau_dashboard_4836_3@0.0.0 build
> tsc -b && vite build

src/App.tsx(2,21): error TS7016: Could not find a declaration file for module 'd3'. '/root/autodl-tmp/chi26-image2code/samples/glm/tableau_dashboard_4836_3/node_modules/d3/src/index.js' implicitly has an 'any' type.
  Try `npm i --save-dev @types/d3` if it exists or add a new declaration (.d.ts) file containing `declare module 'd3';`
src/App.tsx(95,7): error TS7006: Parameter 'v' implicitly has an 'any' type.
src/App.tsx(96,7): error TS7006: Parameter 'd' implicitly has an 'any' type.
src/App.tsx(110,37): error TS7006: Parameter 'd' implicitly has an 'any' type.
src/App.tsx(125,18): error TS7006: Parameter 'd' implicitly has an 'any' type.
src/App.tsx(126,22): error TS7006: Parameter 'd' implicitly has an 'any' type.
src/App.tsx(136,18): error TS7006: Parameter 'd' implicitly has an 'any' type.
src/App.tsx(137,18): error TS7006: Parameter 'd' implicitly has an 'any' type.
src/App.tsx(139,13): error TS7006: Parameter 'd' implicitly has an 'any' type.
src/App.tsx(149,18): error TS7006: Parameter 'd' implicitly has an 'any' type.
src/App.tsx(153,13): error TS7006: Parameter 'd' implicitly has an 'any' type.
src/App.tsx(180,7): error TS7006: Parameter 'v' implicitly has an 'any' type.
src/App.tsx(181,7): error TS7006: Parameter 'd' implicitly has an 'any' type.
src/App.tsx(195,37): error TS7006: Parameter 'd' implicitly has an 'any' type.
src/App.tsx(210,18): error TS7006: Parameter 'd' implicitly has an 'any' type.
src/App.tsx(211,22): error TS7006: Parameter 'd' implicitly has an 'any' type.
src/App.tsx(221,18): error TS7006: Parameter 'd' implicitly has an 'any' type.
src/App.tsx(222,18): error TS7006: Parameter 'd' implicitly has an 'any' type.
src/App.tsx(224,13): error TS7006: Parameter 'd' implicitly has an 'any' type.
src/App.tsx(234,18): error TS7006: Parameter 'd' implicitly has an 'any' type.
src/App.tsx(238,13): error TS7006: Parameter 'd' implicitly has an 'any' type.
src/App.tsx(265,7): error TS7006: Parameter 'v' implicitly has an 'any' type.
src/App.tsx(266,7): error TS7006: Parameter 'd' implicitly has an 'any' type.
src/App.tsx(280,37): error TS7006: Parameter 'd' implicitly has an 'any' type.
src/App.tsx(295,18): error TS7006: Parameter 'd' implicitly has an 'any' type.
src/App.tsx(296,22): error TS7006: Parameter 'd' implicitly has an 'any' type.
src/App.tsx(306,18): error TS7006: Parameter 'd' implicitly has an 'any' type.
src/App.tsx(307,18): error TS7006: Parameter 'd' implicitly has an 'any' type.
src/App.tsx(309,13): error TS7006: Parameter 'd' implicitly has an 'any' type.
src/App.tsx(319,18): error TS7006: Parameter 'd' implicitly has an 'any' type.
src/App.tsx(323,13): error TS7006: Parameter 'd' implicitly has an 'any' type.
"
glm,tableau_dashboard_4838,/root/autodl-tmp/chi26-image2code/samples/glm/tableau_dashboard_4838,error,,,,,"Build failed for /root/autodl-tmp/chi26-image2code/samples/glm/tableau_dashboard_4838:

> tableau_dashboard_4838@0.0.0 build
> tsc -b && vite build

src/components/ChurnRateChart.tsx(2,21): error TS2307: Cannot find module 'd3' or its corresponding type declarations.
src/components/ChurnRateChart.tsx(3,10): error TS1484: 'D3ChartProps' is a type and must be imported using a type-only import when 'verbatimModuleSyntax' is enabled.
src/components/ChurnRateChart.tsx(37,32): error TS7006: Parameter 'd' implicitly has an 'any' type.
src/components/ChurnRateChart.tsx(41,11): error TS6133: 'bars' is declared but its value is never read.
src/components/ChurnRateChart.tsx(46,18): error TS7006: Parameter 'd' implicitly has an 'any' type.
src/components/ChurnRateChart.tsx(47,18): error TS7006: Parameter 'd' implicitly has an 'any' type.
src/components/ChurnRateChart.tsx(49,23): error TS7006: Parameter 'd' implicitly has an 'any' type.
src/components/ChurnRateChart.tsx(50,21): error TS7006: Parameter 'd' implicitly has an 'any' type.
src/components/ChurnRateChart.tsx(61,18): error TS7006: Parameter 'd' implicitly has an 'any' type.
src/components/ChurnRateChart.tsx(62,18): error TS7006: Parameter 'd' implicitly has an 'any' type.
src/components/ChurnRateChart.tsx(64,13): error TS7006: Parameter 'd' implicitly has an 'any' type.
src/components/ChurnRateChart.tsx(74,18): error TS7006: Parameter 'd' implicitly has an 'any' type.
src/components/ChurnRateChart.tsx(77,13): error TS7006: Parameter 'd' implicitly has an 'any' type.
src/components/Dashboard.tsx(6,25): error TS6133: 'getUniqueValues' is declared but its value is never read.
src/components/Dashboard.tsx(262,9): error TS6133: 'data' is declared but its value is never read.
src/components/Dashboard.tsx(271,15): error TS2552: Cannot find name 'tvData'. Did you mean 'data'?
src/components/Dashboard.tsx(283,9): error TS6133: 'data' is declared but its value is never read.
src/components/Dashboard.tsx(292,15): error TS2304: Cannot find name 'churnData'.
src/components/Dashboard.tsx(302,9): error TS6133: 'data' is declared but its value is never read.
src/components/Dashboard.tsx(311,15): error TS2304: Cannot find name 'churnData'.
src/components/Dashboard.tsx(321,9): error TS6133: 'data' is declared but its value is never read.
src/components/Dashboard.tsx(330,15): error TS2304: Cannot find name 'internetData'.
src/components/Dashboard.tsx(342,9): error TS6133: 'data' is declared but its value is never read.
src/components/Dashboard.tsx(351,15): error TS2304: Cannot find name 'linesData'.
src/components/Dashboard.tsx(363,9): error TS6133: 'data' is declared but its value is never read.
src/components/Dashboard.tsx(372,15): error TS2304: Cannot find name 'phsData'.
src/components/Dashboard.tsx(382,9): error TS6133: 'data' is declared but its value is never read.
src/components/Dashboard.tsx(391,15): error TS2304: Cannot find name 'phsData'.
src/components/Dashboard.tsx(401,9): error TS6133: 'data' is declared but its value is never read.
src/components/Dashboard.tsx(410,15): error TS2304: Cannot find name 'backupData'.
src/components/Dashboard.tsx(422,9): error TS6133: 'data' is declared but its value is never read.
src/components/Dashboard.tsx(431,15): error TS2304: Cannot find name 'churnData'.
src/components/HorizontalBarChart.tsx(2,21): error TS2307: Cannot find module 'd3' or its corresponding type declarations.
src/components/HorizontalBarChart.tsx(3,10): error TS1484: 'D3ChartProps' is a type and must be imported using a type-only import when 'verbatimModuleSyntax' is enabled.
src/components/HorizontalBarChart.tsx(43,32): error TS7006: Parameter 'd' implicitly has an 'any' type.
src/components/HorizontalBarChart.tsx(52,11): error TS6133: 'bars' is declared but its value is never read.
src/components/HorizontalBarChart.tsx(58,18): error TS7006: Parameter 'd' implicitly has an 'any' type.
src/components/HorizontalBarChart.tsx(59,22): error TS7006: Parameter 'd' implicitly has an 'any' type.
src/components/HorizontalBarChart.tsx(61,21): error TS7006: Parameter 'd' implicitly has an 'any' type.
src/components/HorizontalBarChart.tsx(69,21): error TS6133: 'event' is declared but its value is never read.
src/components/HorizontalBarChart.tsx(69,21): error TS7006: Parameter 'event' implicitly has an 'any' type.
src/components/HorizontalBarChart.tsx(69,28): error TS7006: Parameter 'd' implicitly has an 'any' type.
src/components/HorizontalBarChart.tsx(86,18): error TS7006: Parameter 'd' implicitly has an 'any' type.
src/components/HorizontalBarChart.tsx(87,18): error TS7006: Parameter 'd' implicitly has an 'any' type.
src/components/HorizontalBarChart.tsx(89,13): error TS7006: Parameter 'd' implicitly has an 'any' type.
src/components/HorizontalBarChart.tsx(100,18): error TS7006: Parameter 'd' implicitly has an 'any' type.
src/components/HorizontalBarChart.tsx(102,13): error TS7006: Parameter 'd' implicitly has an 'any' type.
src/components/PhoneServiceChart.tsx(2,21): error TS2307: Cannot find module 'd3' or its corresponding type declarations.
src/components/PhoneServiceChart.tsx(3,10): error TS1484: 'D3ChartProps' is a type and must be imported using a type-only import when 'verbatimModuleSyntax' is enabled.
src/components/PhoneServiceChart.tsx(37,32): error TS7006: Parameter 'd' implicitly has an 'any' type.
src/components/PhoneServiceChart.tsx(41,11): error TS6133: 'bars' is declared but its value is never read.
src/components/PhoneServiceChart.tsx(46,18): error TS7006: Parameter 'd' implicitly has an 'any' type.
src/components/PhoneServiceChart.tsx(47,18): error TS7006: Parameter 'd' implicitly has an 'any' type.
src/components/PhoneServiceChart.tsx(49,23): error TS7006: Parameter 'd' implicitly has an 'any' type.
src/components/PhoneServiceChart.tsx(50,21): error TS7006: Parameter 'd' implicitly has an 'any' type.
src/components/PhoneServiceChart.tsx(61,18): error TS7006: Parameter 'd' implicitly has an 'any' type.
src/components/PhoneServiceChart.tsx(62,18): error TS7006: Parameter 'd' implicitly has an 'any' type.
src/components/PhoneServiceChart.tsx(64,13): error TS7006: Parameter 'd' implicitly has an 'any' type.
src/components/PhoneServiceChart.tsx(74,18): error TS7006: Parameter 'd' implicitly has an 'any' type.
src/components/PhoneServiceChart.tsx(77,13): error TS7006: Parameter 'd' implicitly has an 'any' type.
src/context/DashboardContext.tsx(3,10): error TS1484: 'DashboardState' is a type and must be imported using a type-only import when 'verbatimModuleSyntax' is enabled.
src/context/DashboardContext.tsx(3,26): error TS1484: 'HighlightState' is a type and must be imported using a type-only import when 'verbatimModuleSyntax' is enabled.
src/context/DashboardContext.tsx(3,26): error TS6133: 'HighlightState' is declared but its value is never read.
src/context/DashboardContext.tsx(3,42): error TS1484: 'D3ChartProps' is a type and must be imported using a type-only import when 'verbatimModuleSyntax' is enabled.
src/context/DashboardContext.tsx(3,42): error TS6133: 'D3ChartProps' is declared but its value is never read.
src/context/DashboardContext.tsx(22,14): error TS2345: Argument of type '(prev: DashboardState) => { highlights: { [x: string]: { [fieldId: string]: string[]; } | string[]; }; selectedValues: { [x: string]: string[]; }; data: any[]; }' is not assignable to parameter of type 'SetStateAction<DashboardState>'.
  Type '(prev: DashboardState) => { highlights: { [x: string]: { [fieldId: string]: string[]; } | string[]; }; selectedValues: { [x: string]: string[]; }; data: any[]; }' is not assignable to type '(prevState: DashboardState) => DashboardState'.
    Call signature return types '{ highlights: { [x: string]: { [fieldId: string]: string[]; } | string[]; }; selectedValues: { [x: string]: string[]; }; data: any[]; }' and 'DashboardState' are incompatible.
      The types of 'highlights' are incompatible between these types.
        Type '{ [x: string]: { [fieldId: string]: string[]; } | string[]; }' is not assignable to type 'HighlightState'.
          'string' index signatures are incompatible.
            Type '{ [fieldId: string]: string[]; } | string[]' is not assignable to type '{ [fieldId: string]: string[]; }'.
              Type 'string[]' is not assignable to type '{ [fieldId: string]: string[]; }'.
                Index signature for type 'string' is missing in type 'string[]'.
src/services/dataService.ts(1,10): error TS1484: 'D3ChartProps' is a type and must be imported using a type-only import when 'verbatimModuleSyntax' is enabled.
src/services/dataService.ts(49,11): error TS2322: Type 'number' is not assignable to type 'string'.
src/services/dataService.ts(51,11): error TS2322: Type 'number' is not assignable to type 'string'.
src/services/dataService.ts(71,30): error TS7053: Element implicitly has an 'any' type because expression of type 'string' can't be used to index type 'TelcoCustomerData'.
  No index signature with a parameter of type 'string' was found on type 'TelcoCustomerData'.
src/services/dataService.ts(71,46): error TS7053: Element implicitly has an 'any' type because expression of type 'string' can't be used to index type 'TelcoCustomerData'.
  No index signature with a parameter of type 'string' was found on type 'TelcoCustomerData'.
src/services/dataService.ts(71,61): error TS7053: Element implicitly has an 'any' type because expression of type 'string' can't be used to index type 'TelcoCustomerData'.
  No index signature with a parameter of type 'string' was found on type 'TelcoCustomerData'.
src/services/dataService.ts(88,42): error TS7053: Element implicitly has an 'any' type because expression of type 'string' can't be used to index type 'TelcoCustomerData'.
  No index signature with a parameter of type 'string' was found on type 'TelcoCustomerData'.
"
glm,tableau_dashboard_5182,/root/autodl-tmp/chi26-image2code/samples/glm/tableau_dashboard_5182,error,,,,,"Build failed for /root/autodl-tmp/chi26-image2code/samples/glm/tableau_dashboard_5182:

> tableau_dashboard_5182@0.0.0 build
> tsc -b && vite build

src/App.tsx(1,27): error TS6133: 'useEffect' is declared but its value is never read.
src/App.tsx(2,1): error TS6133: 'D3Chart' is declared but its value is never read.
src/components/D3Chart.tsx(2,21): error TS2307: Cannot find module 'd3' or its corresponding type declarations.
src/components/DynamicTitle.tsx(14,28): error TS2304: Cannot find name 'useMemo'.
src/components/DynamicTitle.tsx(54,49): error TS2322: Type 'unknown' is not assignable to type 'ReactNode'.
src/components/Scatterplot.tsx(2,21): error TS2307: Cannot find module 'd3' or its corresponding type declarations.
src/components/Scatterplot.tsx(14,3): error TS6133: 'onHighlight' is declared but its value is never read.
src/components/Scatterplot.tsx(51,41): error TS7006: Parameter 'd' implicitly has an 'any' type.
src/components/Scatterplot.tsx(55,41): error TS7006: Parameter 'd' implicitly has an 'any' type.
src/components/Scatterplot.tsx(95,11): error TS6133: 'points' is declared but its value is never read.
src/components/Scatterplot.tsx(100,19): error TS7006: Parameter 'd' implicitly has an 'any' type.
src/components/Scatterplot.tsx(101,19): error TS7006: Parameter 'd' implicitly has an 'any' type.
src/components/Scatterplot.tsx(103,21): error TS7006: Parameter 'd' implicitly has an 'any' type.
src/components/Scatterplot.tsx(108,33): error TS7006: Parameter 'event' implicitly has an 'any' type.
src/components/Scatterplot.tsx(108,40): error TS7006: Parameter 'd' implicitly has an 'any' type.
src/components/Scatterplot.tsx(109,19): error TS2683: 'this' implicitly has type 'any' because it does not have a type annotation.
src/components/Scatterplot.tsx(134,19): error TS2683: 'this' implicitly has type 'any' because it does not have a type annotation.
src/components/Scatterplot.tsx(140,29): error TS6133: 'event' is declared but its value is never read.
src/components/Scatterplot.tsx(140,29): error TS7006: Parameter 'event' implicitly has an 'any' type.
src/components/Scatterplot.tsx(140,36): error TS7006: Parameter 'd' implicitly has an 'any' type.
"
glm,tableau_dashboard_5251,/root/autodl-tmp/chi26-image2code/samples/glm/tableau_dashboard_5251,error,,,,,"Build failed for /root/autodl-tmp/chi26-image2code/samples/glm/tableau_dashboard_5251:

> tableau_dashboard_5251@0.0.0 build
> tsc -b && vite build

src/components/AvgMoviePie.tsx(1,1): error TS6192: All imports in import declaration are unused.
src/components/AvgMoviePie.tsx(2,21): error TS2307: Cannot find module 'd3' or its corresponding type declarations.
src/components/AvgMoviePie.tsx(3,10): error TS1484: 'ChartProps' is a type and must be imported using a type-only import when 'verbatimModuleSyntax' is enabled.
src/components/AvgMoviePie.tsx(5,7): error TS2420: Class 'AvgMoviePie' incorrectly implements interface 'ChartProps'.
  Property 'data' is private in type 'AvgMoviePie' but not in type 'ChartProps'.
src/components/AvgMoviePie.tsx(7,11): error TS6133: 'highlightedData' is declared but its value is never read.
src/components/AvgMoviePie.tsx(9,11): error TS6133: 'selectedStudio' is declared but its value is never read.
src/components/AvgMoviePie.tsx(39,7): error TS7006: Parameter 'v' implicitly has an 'any' type.
src/components/AvgMoviePie.tsx(39,22): error TS7006: Parameter 'd' implicitly has an 'any' type.
src/components/AvgMoviePie.tsx(40,7): error TS7006: Parameter 'd' implicitly has an 'any' type.
src/components/AvgMoviePie.tsx(46,14): error TS7006: Parameter 'd' implicitly has an 'any' type.
src/components/AvgMoviePie.tsx(63,21): error TS7006: Parameter 'd' implicitly has an 'any' type.
src/components/AvgMoviePie.tsx(67,21): error TS6133: 'event' is declared but its value is never read.
src/components/AvgMoviePie.tsx(67,21): error TS7006: Parameter 'event' implicitly has an 'any' type.
src/components/AvgMoviePie.tsx(67,28): error TS7006: Parameter 'd' implicitly has an 'any' type.
src/components/AvgMoviePie.tsx(68,33): error TS6133: 'event' is declared but its value is never read.
src/components/AvgMoviePie.tsx(68,33): error TS7006: Parameter 'event' implicitly has an 'any' type.
src/components/AvgMoviePie.tsx(68,40): error TS6133: 'd' is declared but its value is never read.
src/components/AvgMoviePie.tsx(68,40): error TS7006: Parameter 'd' implicitly has an 'any' type.
src/components/AvgMoviePie.tsx(69,19): error TS2683: 'this' implicitly has type 'any' because it does not have a type annotation.
src/components/AvgMoviePie.tsx(75,19): error TS2683: 'this' implicitly has type 'any' because it does not have a type annotation.
src/components/AvgMoviePie.tsx(83,26): error TS7006: Parameter 'd' implicitly has an 'any' type.
src/components/AvgMoviePie.tsx(89,13): error TS7006: Parameter 'd' implicitly has an 'any' type.
src/components/D3ChartContainer.tsx(2,21): error TS2307: Cannot find module 'd3' or its corresponding type declarations.
src/components/D3ChartContainer.tsx(3,10): error TS1484: 'ChartProps' is a type and must be imported using a type-only import when 'verbatimModuleSyntax' is enabled.
src/components/D3ChartContainer.tsx(21,27): error TS2749: 'ChartComponent' refers to a value, but is being used as a type here. Did you mean 'typeof ChartComponent'?
src/components/D3ChartContainer.tsx(30,23): error TS2351: This expression is not constructable.
  Not all constituents of type 'ComponentType<ChartProps>' are constructable.
    Type 'FunctionComponent<ChartProps>' has no construct signatures.
src/components/DMovie.tsx(1,1): error TS6192: All imports in import declaration are unused.
src/components/DMovie.tsx(2,21): error TS2307: Cannot find module 'd3' or its corresponding type declarations.
src/components/DMovie.tsx(3,10): error TS1484: 'ChartProps' is a type and must be imported using a type-only import when 'verbatimModuleSyntax' is enabled.
src/components/DMovie.tsx(5,7): error TS2420: Class 'DMovie' incorrectly implements interface 'ChartProps'.
  Property 'data' is private in type 'DMovie' but not in type 'ChartProps'.
src/components/DMovie.tsx(7,11): error TS6133: 'highlightedData' is declared but its value is never read.
src/components/DMovie.tsx(9,11): error TS6133: 'selectedStudio' is declared but its value is never read.
src/components/DMovie.tsx(40,7): error TS7006: Parameter 'v' implicitly has an 'any' type.
src/components/DMovie.tsx(40,23): error TS7006: Parameter 'd' implicitly has an 'any' type.
src/components/DMovie.tsx(41,7): error TS7006: Parameter 'd' implicitly has an 'any' type.
src/components/DMovie.tsx(49,35): error TS7006: Parameter 'd' implicitly has an 'any' type.
src/components/DMovie.tsx(69,18): error TS7006: Parameter 'd' implicitly has an 'any' type.
src/components/DMovie.tsx(70,22): error TS7006: Parameter 'd' implicitly has an 'any' type.
src/components/DMovie.tsx(72,21): error TS7006: Parameter 'd' implicitly has an 'any' type.
src/components/DMovie.tsx(76,21): error TS6133: 'event' is declared but its value is never read.
src/components/DMovie.tsx(76,21): error TS7006: Parameter 'event' implicitly has an 'any' type.
src/components/DMovie.tsx(76,28): error TS7006: Parameter 'd' implicitly has an 'any' type.
src/components/DMovie.tsx(77,33): error TS6133: 'event' is declared but its value is never read.
src/components/DMovie.tsx(77,33): error TS7006: Parameter 'event' implicitly has an 'any' type.
src/components/DMovie.tsx(77,40): error TS6133: 'd' is declared but its value is never read.
src/components/DMovie.tsx(77,40): error TS7006: Parameter 'd' implicitly has an 'any' type.
src/components/DMovie.tsx(78,19): error TS2683: 'this' implicitly has type 'any' because it does not have a type annotation.
src/components/DMovie.tsx(84,19): error TS2683: 'this' implicitly has type 'any' because it does not have a type annotation.
src/components/DMovie.tsx(96,18): error TS7006: Parameter 'd' implicitly has an 'any' type.
src/components/DMovie.tsx(97,18): error TS7006: Parameter 'd' implicitly has an 'any' type.
src/components/DMovie.tsx(99,13): error TS7006: Parameter 'd' implicitly has an 'any' type.
src/components/DMovie.tsx(113,50): error TS7006: Parameter 'd' implicitly has an 'any' type.
src/components/DMovieYear.tsx(1,1): error TS6192: All imports in import declaration are unused.
src/components/DMovieYear.tsx(2,21): error TS2307: Cannot find module 'd3' or its corresponding type declarations.
src/components/DMovieYear.tsx(3,10): error TS1484: 'ChartProps' is a type and must be imported using a type-only import when 'verbatimModuleSyntax' is enabled.
src/components/DMovieYear.tsx(5,7): error TS2420: Class 'DMovieYear' incorrectly implements interface 'ChartProps'.
  Property 'data' is private in type 'DMovieYear' but not in type 'ChartProps'.
src/components/DMovieYear.tsx(7,11): error TS6133: 'highlightedData' is declared but its value is never read.
src/components/DMovieYear.tsx(9,11): error TS6133: 'selectedStudio' is declared but its value is never read.
src/components/DMovieYear.tsx(40,7): error TS7006: Parameter 'v' implicitly has an 'any' type.
src/components/DMovieYear.tsx(40,22): error TS7006: Parameter 'd' implicitly has an 'any' type.
src/components/DMovieYear.tsx(41,7): error TS7006: Parameter 'd' implicitly has an 'any' type.
src/components/DMovieYear.tsx(53,35): error TS7006: Parameter 'd' implicitly has an 'any' type.
src/components/DMovieYear.tsx(67,18): error TS7006: Parameter 'd' implicitly has an 'any' type.
src/components/DMovieYear.tsx(68,18): error TS7006: Parameter 'd' implicitly has an 'any' type.
src/components/DMovieYear.tsx(70,23): error TS7006: Parameter 'd' implicitly has an 'any' type.
src/components/DMovieYear.tsx(71,21): error TS7006: Parameter 'd' implicitly has an 'any' type.
src/components/DMovieYear.tsx(75,21): error TS6133: 'event' is declared but its value is never read.
src/components/DMovieYear.tsx(75,21): error TS7006: Parameter 'event' implicitly has an 'any' type.
src/components/DMovieYear.tsx(75,28): error TS7006: Parameter 'd' implicitly has an 'any' type.
src/components/DMovieYear.tsx(76,33): error TS6133: 'event' is declared but its value is never read.
src/components/DMovieYear.tsx(76,33): error TS7006: Parameter 'event' implicitly has an 'any' type.
src/components/DMovieYear.tsx(76,40): error TS6133: 'd' is declared but its value is never read.
src/components/DMovieYear.tsx(76,40): error TS7006: Parameter 'd' implicitly has an 'any' type.
src/components/DMovieYear.tsx(77,19): error TS2683: 'this' implicitly has type 'any' because it does not have a type annotation.
src/components/DMovieYear.tsx(83,19): error TS2683: 'this' implicitly has type 'any' because it does not have a type annotation.
src/components/DMovieYear.tsx(95,18): error TS7006: Parameter 'd' implicitly has an 'any' type.
src/components/DMovieYear.tsx(96,18): error TS7006: Parameter 'd' implicitly has an 'any' type.
src/components/DMovieYear.tsx(98,13): error TS7006: Parameter 'd' implicitly has an 'any' type.
src/components/DMovieYear.tsx(114,48): error TS7006: Parameter 'd' implicitly has an 'any' type.
"
glm,tableau_dashboard_5417,/root/autodl-tmp/chi26-image2code/samples/glm/tableau_dashboard_5417,ok,0.0,0.0,True,0,
glm,tableau_dashboard_5417_2,/root/autodl-tmp/chi26-image2code/samples/glm/tableau_dashboard_5417_2,ok,0.0,0.0,True,0,
glm,tableau_dashboard_5417_4,/root/autodl-tmp/chi26-image2code/samples/glm/tableau_dashboard_5417_4,error,,,,,"Build failed for /root/autodl-tmp/chi26-image2code/samples/glm/tableau_dashboard_5417_4:

> tableau_dashboard_5417_4@0.0.0 build
> tsc -b && vite build

src/App.tsx(1,8): error TS6133: 'React' is declared but its value is never read.
src/App.tsx(3,10): error TS1484: 'DashboardState' is a type and must be imported using a type-only import when 'verbatimModuleSyntax' is enabled.
src/charts/CustomTableauView.tsx(1,8): error TS6133: 'React' is declared but its value is never read.
src/charts/CustomTableauView.tsx(2,21): error TS7016: Could not find a declaration file for module 'd3'. '/root/autodl-tmp/chi26-image2code/samples/glm/tableau_dashboard_5417_4/node_modules/d3/src/index.js' implicitly has an 'any' type.
  Try `npm i --save-dev @types/d3` if it exists or add a new declaration (.d.ts) file containing `declare module 'd3';`
src/charts/CustomTableauView.tsx(3,10): error TS1484: 'GameData' is a type and must be imported using a type-only import when 'verbatimModuleSyntax' is enabled.
src/charts/CustomTableauView.tsx(3,20): error TS1484: 'WorksheetProps' is a type and must be imported using a type-only import when 'verbatimModuleSyntax' is enabled.
src/charts/CustomTableauView.tsx(50,41): error TS7006: Parameter 'd' implicitly has an 'any' type.
src/charts/CustomTableauView.tsx(58,18): error TS7006: Parameter 'd' implicitly has an 'any' type.
src/charts/CustomTableauView.tsx(60,18): error TS7006: Parameter 'd' implicitly has an 'any' type.
src/charts/CustomTableauView.tsx(61,23): error TS7006: Parameter 'd' implicitly has an 'any' type.
src/charts/CustomTableauView.tsx(62,21): error TS7006: Parameter 'd' implicitly has an 'any' type.
src/charts/CustomTableauView.tsx(65,21): error TS6133: 'event' is declared but its value is never read.
src/charts/CustomTableauView.tsx(65,21): error TS7006: Parameter 'event' implicitly has an 'any' type.
src/charts/CustomTableauView.tsx(65,28): error TS7006: Parameter 'd' implicitly has an 'any' type.
src/charts/LineChart.tsx(1,8): error TS6133: 'React' is declared but its value is never read.
src/charts/LineChart.tsx(2,21): error TS7016: Could not find a declaration file for module 'd3'. '/root/autodl-tmp/chi26-image2code/samples/glm/tableau_dashboard_5417_4/node_modules/d3/src/index.js' implicitly has an 'any' type.
  Try `npm i --save-dev @types/d3` if it exists or add a new declaration (.d.ts) file containing `declare module 'd3';`
src/charts/LineChart.tsx(3,10): error TS1484: 'GameData' is a type and must be imported using a type-only import when 'verbatimModuleSyntax' is enabled.
src/charts/LineChart.tsx(3,20): error TS1484: 'WorksheetProps' is a type and must be imported using a type-only import when 'verbatimModuleSyntax' is enabled.
src/charts/LineChart.tsx(42,40): error TS7006: Parameter 'd' implicitly has an 'any' type.
src/charts/LineChart.tsx(52,10): error TS7006: Parameter 'd' implicitly has an 'any' type.
src/charts/LineChart.tsx(53,10): error TS7006: Parameter 'd' implicitly has an 'any' type.
src/charts/LineChart.tsx(78,19): error TS7006: Parameter 'd' implicitly has an 'any' type.
src/charts/LineChart.tsx(79,19): error TS7006: Parameter 'd' implicitly has an 'any' type.
src/charts/LineChart.tsx(81,21): error TS7006: Parameter 'd' implicitly has an 'any' type.
src/charts/LineChart.tsx(84,21): error TS6133: 'event' is declared but its value is never read.
src/charts/LineChart.tsx(84,21): error TS7006: Parameter 'event' implicitly has an 'any' type.
src/charts/LineChart.tsx(84,28): error TS7006: Parameter 'd' implicitly has an 'any' type.
src/charts/NumbUsers.tsx(1,8): error TS6133: 'React' is declared but its value is never read.
src/charts/NumbUsers.tsx(2,21): error TS7016: Could not find a declaration file for module 'd3'. '/root/autodl-tmp/chi26-image2code/samples/glm/tableau_dashboard_5417_4/node_modules/d3/src/index.js' implicitly has an 'any' type.
  Try `npm i --save-dev @types/d3` if it exists or add a new declaration (.d.ts) file containing `declare module 'd3';`
src/charts/NumbUsers.tsx(3,10): error TS1484: 'GameData' is a type and must be imported using a type-only import when 'verbatimModuleSyntax' is enabled.
src/charts/NumbUsers.tsx(3,20): error TS1484: 'WorksheetProps' is a type and must be imported using a type-only import when 'verbatimModuleSyntax' is enabled.
src/charts/NumbUsers.tsx(50,41): error TS7006: Parameter 'd' implicitly has an 'any' type.
src/charts/NumbUsers.tsx(58,18): error TS7006: Parameter 'd' implicitly has an 'any' type.
src/charts/NumbUsers.tsx(60,18): error TS7006: Parameter 'd' implicitly has an 'any' type.
src/charts/NumbUsers.tsx(61,23): error TS7006: Parameter 'd' implicitly has an 'any' type.
src/charts/NumbUsers.tsx(62,21): error TS7006: Parameter 'd' implicitly has an 'any' type.
src/charts/NumbUsers.tsx(65,21): error TS6133: 'event' is declared but its value is never read.
src/charts/NumbUsers.tsx(65,21): error TS7006: Parameter 'event' implicitly has an 'any' type.
src/charts/NumbUsers.tsx(65,28): error TS7006: Parameter 'd' implicitly has an 'any' type.
src/components/Dashboard.tsx(1,1): error TS6133: 'React' is declared but its value is never read.
src/components/Dashboard.tsx(2,10): error TS1484: 'GameData' is a type and must be imported using a type-only import when 'verbatimModuleSyntax' is enabled.
src/components/Dashboard.tsx(2,20): error TS1484: 'DashboardState' is a type and must be imported using a type-only import when 'verbatimModuleSyntax' is enabled.
src/components/Dashboard.tsx(2,36): error TS1484: 'WorksheetProps' is a type and must be imported using a type-only import when 'verbatimModuleSyntax' is enabled.
src/components/Dashboard.tsx(2,36): error TS6133: 'WorksheetProps' is declared but its value is never read.
src/components/Dashboard.tsx(3,22): error TS2307: Cannot find module '../charts/NumbCrit' or its corresponding type declarations.
src/components/Dashboard.tsx(4,22): error TS2307: Cannot find module '../charts/NumbMeta' or its corresponding type declarations.
src/utils/index.ts(1,47): error TS2304: Cannot find name 'GameData'.
src/utils/index.ts(10,17): error TS2304: Cannot find name 'GameData'.
src/utils/index.ts(32,24): error TS2304: Cannot find name 'GameData'.
"
glm,tableau_dashboard_5417_5,/root/autodl-tmp/chi26-image2code/samples/glm/tableau_dashboard_5417_5,error,,,,,"Build failed for /root/autodl-tmp/chi26-image2code/samples/glm/tableau_dashboard_5417_5:

> tableau_dashboard_5417_5@0.0.0 build
> tsc -b && vite build

src/App.tsx(1,27): error TS6133: 'useEffect' is declared but its value is never read.
src/App.tsx(2,10): error TS1484: 'DashboardState' is a type and must be imported using a type-only import when 'verbatimModuleSyntax' is enabled.
src/App.tsx(2,26): error TS1484: 'DashboardActions' is a type and must be imported using a type-only import when 'verbatimModuleSyntax' is enabled.
src/components/PlatCrit.tsx(3,10): error TS1484: 'GameData' is a type and must be imported using a type-only import when 'verbatimModuleSyntax' is enabled.
src/components/PlatCrit.tsx(3,20): error TS1484: 'DashboardState' is a type and must be imported using a type-only import when 'verbatimModuleSyntax' is enabled.
src/components/PlatCrit.tsx(3,36): error TS1484: 'DashboardActions' is a type and must be imported using a type-only import when 'verbatimModuleSyntax' is enabled.
src/components/PlatCrit.tsx(25,38): error TS2345: Argument of type 'number' is not assignable to parameter of type 'string'.
src/components/PlatCrit.tsx(26,37): error TS2345: Argument of type 'number' is not assignable to parameter of type 'string'.
src/components/PlatCrit.tsx(27,38): error TS2345: Argument of type 'number' is not assignable to parameter of type 'string'.
src/components/PlatCrit.tsx(28,31): error TS2345: Argument of type 'number' is not assignable to parameter of type 'string'.
src/components/PlatCrit.tsx(29,34): error TS2345: Argument of type 'number' is not assignable to parameter of type 'string'.
src/components/PlatCrit.tsx(89,15): error TS2345: Argument of type '(string | number)[]' is not assignable to parameter of type 'Iterable<NumberValue>'.
  The types returned by '[Symbol.iterator]().next(...)' are incompatible between these types.
    Type 'IteratorResult<string | number, undefined>' is not assignable to type 'IteratorResult<NumberValue, any>'.
      Type 'IteratorYieldResult<string | number>' is not assignable to type 'IteratorResult<NumberValue, any>'.
        Type 'IteratorYieldResult<string | number>' is not assignable to type 'IteratorYieldResult<NumberValue>'.
          Type 'string | number' is not assignable to type 'NumberValue'.
            Type 'string' is not assignable to type 'NumberValue'.
src/components/PlatCrit.tsx(89,26): error TS2769: No overload matches this call.
  Overload 1 of 4, '(iterable: Iterable<string>): string | undefined', gave the following error.
    Argument of type '(number | undefined)[]' is not assignable to parameter of type 'Iterable<string>'.
      The types returned by '[Symbol.iterator]().next(...)' are incompatible between these types.
        Type 'IteratorResult<number | undefined, undefined>' is not assignable to type 'IteratorResult<string, any>'.
          Type 'IteratorYieldResult<number | undefined>' is not assignable to type 'IteratorResult<string, any>'.
            Type 'IteratorYieldResult<number | undefined>' is not assignable to type 'IteratorYieldResult<string>'.
              Type 'number | undefined' is not assignable to type 'string'.
                Type 'undefined' is not assignable to type 'string'.
  Overload 2 of 4, '(iterable: Iterable<Numeric>): Numeric | undefined', gave the following error.
    Argument of type '(number | undefined)[]' is not assignable to parameter of type 'Iterable<Numeric>'.
      The types returned by '[Symbol.iterator]().next(...)' are incompatible between these types.
        Type 'IteratorResult<number | undefined, undefined>' is not assignable to type 'IteratorResult<Numeric, any>'.
          Type 'IteratorYieldResult<number | undefined>' is not assignable to type 'IteratorResult<Numeric, any>'.
            Type 'IteratorYieldResult<number | undefined>' is not assignable to type 'IteratorYieldResult<Numeric>'.
              Type 'number | undefined' is not assignable to type 'Numeric'.
                Type 'undefined' is not assignable to type 'Numeric'.
src/components/PlatCrit.tsx(111,21): error TS6133: 'event' is declared but its value is never read.
src/components/PlatMeta.tsx(3,10): error TS1484: 'GameData' is a type and must be imported using a type-only import when 'verbatimModuleSyntax' is enabled.
src/components/PlatMeta.tsx(3,20): error TS1484: 'DashboardState' is a type and must be imported using a type-only import when 'verbatimModuleSyntax' is enabled.
src/components/PlatMeta.tsx(3,36): error TS1484: 'DashboardActions' is a type and must be imported using a type-only import when 'verbatimModuleSyntax' is enabled.
src/components/PlatMeta.tsx(26,38): error TS2345: Argument of type 'number' is not assignable to parameter of type 'string'.
src/components/PlatMeta.tsx(27,37): error TS2345: Argument of type 'number' is not assignable to parameter of type 'string'.
src/components/PlatMeta.tsx(28,38): error TS2345: Argument of type 'number' is not assignable to parameter of type 'string'.
src/components/PlatMeta.tsx(29,31): error TS2345: Argument of type 'number' is not assignable to parameter of type 'string'.
src/components/PlatMeta.tsx(30,34): error TS2345: Argument of type 'number' is not assignable to parameter of type 'string'.
src/components/PlatMeta.tsx(34,17): error TS2345: Argument of type '{ positive_critics: number; neutral_critics: number; negative_critics: number; metascore: number; user_score: number; release_date: Date; game: string; platform: string; developer: string; ... 5 more ...; negative_users: number; }[]' is not assignable to parameter of type 'SetStateAction<GameData[]>'.
  Type '{ positive_critics: number; neutral_critics: number; negative_critics: number; metascore: number; user_score: number; release_date: Date; game: string; platform: string; developer: string; ... 5 more ...; negative_users: number; }[]' is not assignable to type 'GameData[]'.
    Type '{ positive_critics: number; neutral_critics: number; negative_critics: number; metascore: number; user_score: number; release_date: Date; game: string; platform: string; developer: string; ... 5 more ...; negative_users: number; }' is not assignable to type 'GameData'.
      Types of property 'release_date' are incompatible.
        Type 'Date' is not assignable to type 'string'.
src/components/PlatMeta.tsx(79,19): error TS2345: Argument of type 'string' is not assignable to parameter of type 'number | Date'.
src/components/PlatMeta.tsx(83,11): error TS6133: 'values' is declared but its value is never read.
src/components/PlatMeta.tsx(123,20): error TS2345: Argument of type 'string' is not assignable to parameter of type 'number | Date'.
src/components/PlatMeta.tsx(132,21): error TS6133: 'event' is declared but its value is never read.
src/components/PlatMeta.tsx(135,18): error TS2345: Argument of type 'string' is not assignable to parameter of type 'number | Date'.
src/components/PlatUsers.tsx(3,10): error TS1484: 'GameData' is a type and must be imported using a type-only import when 'verbatimModuleSyntax' is enabled.
src/components/PlatUsers.tsx(3,20): error TS1484: 'DashboardState' is a type and must be imported using a type-only import when 'verbatimModuleSyntax' is enabled.
src/components/PlatUsers.tsx(3,36): error TS1484: 'DashboardActions' is a type and must be imported using a type-only import when 'verbatimModuleSyntax' is enabled.
src/components/PlatUsers.tsx(25,38): error TS2345: Argument of type 'number' is not assignable to parameter of type 'string'.
src/components/PlatUsers.tsx(26,37): error TS2345: Argument of type 'number' is not assignable to parameter of type 'string'.
src/components/PlatUsers.tsx(27,38): error TS2345: Argument of type 'number' is not assignable to parameter of type 'string'.
src/components/PlatUsers.tsx(28,31): error TS2345: Argument of type 'number' is not assignable to parameter of type 'string'.
src/components/PlatUsers.tsx(29,34): error TS2345: Argument of type 'number' is not assignable to parameter of type 'string'.
src/components/PlatUsers.tsx(81,11): error TS6133: 'values' is declared but its value is never read.
src/components/PlatUsers.tsx(111,21): error TS6133: 'event' is declared but its value is never read.
"
glm,tableau_dashboard_5781,/root/autodl-tmp/chi26-image2code/samples/glm/tableau_dashboard_5781,ok,0.0,0.0,True,0,
glm,tableau_dashboard_602,/root/autodl-tmp/chi26-image2code/samples/glm/tableau_dashboard_602,error,,,,,"Build failed for /root/autodl-tmp/chi26-image2code/samples/glm/tableau_dashboard_602:

> tableau_dashboard_602@0.0.0 build
> tsc -b && vite build

src/App.tsx(2,10): error TS2614: Module '""./components/D3Chart""' has no exported member 'D3Chart'. Did you mean to use 'import D3Chart from ""./components/D3Chart""' instead?
src/App.tsx(3,10): error TS2614: Module '""./components/GenderGapChart""' has no exported member 'GenderGapChart'. Did you mean to use 'import GenderGapChart from ""./components/GenderGapChart""' instead?
src/App.tsx(4,10): error TS2614: Module '""./components/PremiumsFallChart""' has no exported member 'PremiumsFallChart'. Did you mean to use 'import PremiumsFallChart from ""./components/PremiumsFallChart""' instead?
src/components/D3Chart.tsx(4,15): error TS2614: Module '""../App""' has no exported member 'DashboardState'. Did you mean to use 'import DashboardState from ""../App""' instead?
src/components/D3Chart.tsx(17,3): error TS6133: 'onGenderSelection' is declared but its value is never read.
src/components/D3Chart.tsx(18,3): error TS6133: 'onAgeSelection' is declared but its value is never read.
src/components/D3Chart.tsx(58,62): error TS2304: Cannot find name 'd'.
src/components/D3Chart.tsx(58,71): error TS2304: Cannot find name 'd'.
src/components/D3Chart.tsx(60,21): error TS6133: 'event' is declared but its value is never read.
src/components/GenderGapChart.tsx(4,15): error TS2614: Module '""../App""' has no exported member 'DashboardState'. Did you mean to use 'import DashboardState from ""../App""' instead?
src/components/GenderGapChart.tsx(17,3): error TS6133: 'onGenderSelection' is declared but its value is never read.
src/components/GenderGapChart.tsx(18,3): error TS6133: 'onAgeSelection' is declared but its value is never read.
src/components/PremiumsFallChart.tsx(4,15): error TS2614: Module '""../App""' has no exported member 'DashboardState'. Did you mean to use 'import DashboardState from ""../App""' instead?
src/components/PremiumsFallChart.tsx(17,3): error TS6133: 'onGenderSelection' is declared but its value is never read.
src/components/PremiumsFallChart.tsx(18,3): error TS6133: 'onAgeSelection' is declared but its value is never read.
src/components/PremiumsFallChart.tsx(82,62): error TS2304: Cannot find name 'd'.
src/components/PremiumsFallChart.tsx(84,21): error TS6133: 'event' is declared but its value is never read.
src/components/PremiumsFallChart.tsx(98,62): error TS2304: Cannot find name 'd'.
src/components/PremiumsFallChart.tsx(100,21): error TS6133: 'event' is declared but its value is never read.
"
glm,tableau_dashboard_6033,/root/autodl-tmp/chi26-image2code/samples/glm/tableau_dashboard_6033,error,,,,,"Build failed for /root/autodl-tmp/chi26-image2code/samples/glm/tableau_dashboard_6033:

> tableau_dashboard_6033@0.0.0 build
> tsc -b && vite build

src/App.tsx(238,13): error TS1005: ',' expected.
src/App.tsx(367,13): error TS1005: ',' expected.
"
glm,tableau_dashboard_646,/root/autodl-tmp/chi26-image2code/samples/glm/tableau_dashboard_646,error,,,,,"Build failed for /root/autodl-tmp/chi26-image2code/samples/glm/tableau_dashboard_646:

> tableau_dashboard_646@0.0.0 build
> tsc -b && vite build

src/App.tsx(99,13): error TS2322: Type '(field: keyof DashboardState, value: string | null) => void' is not assignable to type '(field: string, value: string | null) => void'.
  Types of parameters 'field' and 'field' are incompatible.
    Type 'string' is not assignable to type 'keyof DashboardState'.
src/App.tsx(109,13): error TS2322: Type '(field: keyof DashboardState, value: string | null) => void' is not assignable to type '(field: string, value: string | null) => void'.
  Types of parameters 'field' and 'field' are incompatible.
    Type 'string' is not assignable to type 'keyof DashboardState'.
src/App.tsx(119,13): error TS2322: Type '(field: keyof DashboardState, value: string | null) => void' is not assignable to type '(field: string, value: string | null) => void'.
  Types of parameters 'field' and 'field' are incompatible.
    Type 'string' is not assignable to type 'keyof DashboardState'.
src/App.tsx(129,13): error TS2322: Type '(field: keyof DashboardState, value: string | null) => void' is not assignable to type '(field: string, value: string | null) => void'.
  Types of parameters 'field' and 'field' are incompatible.
    Type 'string' is not assignable to type 'keyof DashboardState'.
src/App.tsx(139,13): error TS2322: Type '(field: keyof DashboardState, value: string | null) => void' is not assignable to type '(field: string, value: string | null) => void'.
  Types of parameters 'field' and 'field' are incompatible.
    Type 'string' is not assignable to type 'keyof DashboardState'.
src/components/D3Chart.tsx(2,21): error TS7016: Could not find a declaration file for module 'd3'. '/root/autodl-tmp/chi26-image2code/samples/glm/tableau_dashboard_646/node_modules/d3/src/index.js' implicitly has an 'any' type.
  Try `npm i --save-dev @types/d3` if it exists or add a new declaration (.d.ts) file containing `declare module 'd3';`
src/components/D3Chart.tsx(41,64): error TS2345: Argument of type 'string | null | undefined' is not assignable to parameter of type 'string | null'.
  Type 'undefined' is not assignable to type 'string | null'.
src/components/D3Chart.tsx(44,66): error TS2345: Argument of type 'string | null | undefined' is not assignable to parameter of type 'string | null'.
  Type 'undefined' is not assignable to type 'string | null'.
src/components/D3Chart.tsx(47,66): error TS2345: Argument of type 'string | null | undefined' is not assignable to parameter of type 'string | null'.
  Type 'undefined' is not assignable to type 'string | null'.
src/components/D3Chart.tsx(50,66): error TS2345: Argument of type 'string | null | undefined' is not assignable to parameter of type 'string | null'.
  Type 'undefined' is not assignable to type 'string | null'.
src/components/D3Chart.tsx(53,74): error TS2345: Argument of type 'string | null | undefined' is not assignable to parameter of type 'string | null'.
  Type 'undefined' is not assignable to type 'string | null'.
src/components/D3Chart.tsx(88,5): error TS7006: Parameter 'v' implicitly has an 'any' type.
src/components/D3Chart.tsx(88,21): error TS7006: Parameter 'd' implicitly has an 'any' type.
src/components/D3Chart.tsx(89,5): error TS7006: Parameter 'd' implicitly has an 'any' type.
src/components/D3Chart.tsx(90,11): error TS7031: Binding element 'genre' implicitly has an 'any' type.
src/components/D3Chart.tsx(90,18): error TS7031: Binding element 'avgSales' implicitly has an 'any' type.
src/components/D3Chart.tsx(93,27): error TS7006: Parameter 'd' implicitly has an 'any' type.
src/components/D3Chart.tsx(98,35): error TS7006: Parameter 'd' implicitly has an 'any' type.
src/components/D3Chart.tsx(106,16): error TS7006: Parameter 'd' implicitly has an 'any' type.
src/components/D3Chart.tsx(107,16): error TS7006: Parameter 'd' implicitly has an 'any' type.
src/components/D3Chart.tsx(109,21): error TS7006: Parameter 'd' implicitly has an 'any' type.
src/components/D3Chart.tsx(110,19): error TS7006: Parameter 'd' implicitly has an 'any' type.
src/components/D3Chart.tsx(113,27): error TS6133: 'event' is declared but its value is never read.
src/components/D3Chart.tsx(113,27): error TS7006: Parameter 'event' implicitly has an 'any' type.
src/components/D3Chart.tsx(113,34): error TS7006: Parameter 'd' implicitly has an 'any' type.
src/components/D3Chart.tsx(122,16): error TS7006: Parameter 'd' implicitly has an 'any' type.
src/components/D3Chart.tsx(123,16): error TS7006: Parameter 'd' implicitly has an 'any' type.
src/components/D3Chart.tsx(125,11): error TS7006: Parameter 'd' implicitly has an 'any' type.
src/components/D3Chart.tsx(169,5): error TS7006: Parameter 'v' implicitly has an 'any' type.
src/components/D3Chart.tsx(169,20): error TS7006: Parameter 'd' implicitly has an 'any' type.
src/components/D3Chart.tsx(170,5): error TS7006: Parameter 'd' implicitly has an 'any' type.
src/components/D3Chart.tsx(171,11): error TS7031: Binding element 'year' implicitly has an 'any' type.
src/components/D3Chart.tsx(171,17): error TS7031: Binding element 'totalSales' implicitly has an 'any' type.
src/components/D3Chart.tsx(174,26): error TS7006: Parameter 'd' implicitly has an 'any' type.
src/components/D3Chart.tsx(179,34): error TS7006: Parameter 'd' implicitly has an 'any' type.
src/components/D3Chart.tsx(187,16): error TS7006: Parameter 'd' implicitly has an 'any' type.
src/components/D3Chart.tsx(188,16): error TS7006: Parameter 'd' implicitly has an 'any' type.
src/components/D3Chart.tsx(190,21): error TS7006: Parameter 'd' implicitly has an 'any' type.
src/components/D3Chart.tsx(191,19): error TS7006: Parameter 'd' implicitly has an 'any' type.
src/components/D3Chart.tsx(194,27): error TS6133: 'event' is declared but its value is never read.
src/components/D3Chart.tsx(194,27): error TS7006: Parameter 'event' implicitly has an 'any' type.
src/components/D3Chart.tsx(194,34): error TS7006: Parameter 'd' implicitly has an 'any' type.
src/components/D3Chart.tsx(203,16): error TS7006: Parameter 'd' implicitly has an 'any' type.
src/components/D3Chart.tsx(204,16): error TS7006: Parameter 'd' implicitly has an 'any' type.
src/components/D3Chart.tsx(206,11): error TS7006: Parameter 'd' implicitly has an 'any' type.
src/components/D3Chart.tsx(266,34): error TS7006: Parameter 'd' implicitly has an 'any' type.
src/components/D3Chart.tsx(274,16): error TS7006: Parameter 'd' implicitly has an 'any' type.
src/components/D3Chart.tsx(275,16): error TS7006: Parameter 'd' implicitly has an 'any' type.
src/components/D3Chart.tsx(277,21): error TS7006: Parameter 'd' implicitly has an 'any' type.
src/components/D3Chart.tsx(278,19): error TS7006: Parameter 'd' implicitly has an 'any' type.
src/components/D3Chart.tsx(281,27): error TS6133: 'event' is declared but its value is never read.
src/components/D3Chart.tsx(281,27): error TS7006: Parameter 'event' implicitly has an 'any' type.
src/components/D3Chart.tsx(281,34): error TS7006: Parameter 'd' implicitly has an 'any' type.
src/components/D3Chart.tsx(290,16): error TS7006: Parameter 'd' implicitly has an 'any' type.
src/components/D3Chart.tsx(291,16): error TS7006: Parameter 'd' implicitly has an 'any' type.
src/components/D3Chart.tsx(293,11): error TS7006: Parameter 'd' implicitly has an 'any' type.
src/components/D3Chart.tsx(337,5): error TS7006: Parameter 'v' implicitly has an 'any' type.
src/components/D3Chart.tsx(337,20): error TS7006: Parameter 'd' implicitly has an 'any' type.
src/components/D3Chart.tsx(338,5): error TS7006: Parameter 'd' implicitly has an 'any' type.
src/components/D3Chart.tsx(339,11): error TS7031: Binding element 'publisher' implicitly has an 'any' type.
src/components/D3Chart.tsx(339,22): error TS7031: Binding element 'totalSales' implicitly has an 'any' type.
src/components/D3Chart.tsx(342,31): error TS7006: Parameter 'd' implicitly has an 'any' type.
src/components/D3Chart.tsx(347,39): error TS7006: Parameter 'd' implicitly has an 'any' type.
src/components/D3Chart.tsx(355,16): error TS7006: Parameter 'd' implicitly has an 'any' type.
src/components/D3Chart.tsx(356,16): error TS7006: Parameter 'd' implicitly has an 'any' type.
src/components/D3Chart.tsx(358,21): error TS7006: Parameter 'd' implicitly has an 'any' type.
src/components/D3Chart.tsx(359,19): error TS7006: Parameter 'd' implicitly has an 'any' type.
src/components/D3Chart.tsx(362,27): error TS6133: 'event' is declared but its value is never read.
src/components/D3Chart.tsx(362,27): error TS7006: Parameter 'event' implicitly has an 'any' type.
src/components/D3Chart.tsx(362,34): error TS7006: Parameter 'd' implicitly has an 'any' type.
src/components/D3Chart.tsx(371,16): error TS7006: Parameter 'd' implicitly has an 'any' type.
src/components/D3Chart.tsx(372,16): error TS7006: Parameter 'd' implicitly has an 'any' type.
src/components/D3Chart.tsx(374,11): error TS7006: Parameter 'd' implicitly has an 'any' type.
"
glm,tableau_dashboard_6490,/root/autodl-tmp/chi26-image2code/samples/glm/tableau_dashboard_6490,error,,,,,"Build failed for /root/autodl-tmp/chi26-image2code/samples/glm/tableau_dashboard_6490:

> tableau_dashboard_6490@0.0.0 build
> tsc -b && vite build

src/App.tsx(3,21): error TS2307: Cannot find module 'd3' or its corresponding type declarations.
src/App.tsx(142,9): error TS6133: 'isPostHighlighted' is declared but its value is never read.
src/App.tsx(147,9): error TS6133: 'isMatrixCellSelected' is declared but its value is never read.
src/App.tsx(200,58): error TS6133: 'selectedTrueLabel' is declared but its value is never read.
src/App.tsx(200,77): error TS6133: 'selectedPredictedLabel' is declared but its value is never read.
src/App.tsx(231,36): error TS2304: Cannot find name 'isMatrixCellSelected'.
"
glm,tableau_dashboard_696_1,/root/autodl-tmp/chi26-image2code/samples/glm/tableau_dashboard_696_1,ok,0.0,0.0,True,0,
glm,tableau_dashboard_696_3,/root/autodl-tmp/chi26-image2code/samples/glm/tableau_dashboard_696_3,error,,,,,"Build failed for /root/autodl-tmp/chi26-image2code/samples/glm/tableau_dashboard_696_3:

> tableau_dashboard_696_3@0.0.0 build
> tsc -b && vite build

src/components/D3Chart.tsx(2,21): error TS7016: Could not find a declaration file for module 'd3'. '/root/autodl-tmp/chi26-image2code/samples/glm/tableau_dashboard_696_3/node_modules/d3/src/index.js' implicitly has an 'any' type.
  Try `npm i --save-dev @types/d3` if it exists or add a new declaration (.d.ts) file containing `declare module 'd3';`
src/components/D3Chart.tsx(43,31): error TS7006: Parameter 'd' implicitly has an 'any' type.
src/components/D3Chart.tsx(47,32): error TS7006: Parameter 'd' implicitly has an 'any' type.
src/components/D3Chart.tsx(61,10): error TS7006: Parameter 'd' implicitly has an 'any' type.
src/components/D3Chart.tsx(62,10): error TS7006: Parameter 'd' implicitly has an 'any' type.
src/components/D3Chart.tsx(76,19): error TS7006: Parameter 'd' implicitly has an 'any' type.
src/components/D3Chart.tsx(77,19): error TS7006: Parameter 'd' implicitly has an 'any' type.
src/components/D3Chart.tsx(80,33): error TS6133: 'event' is declared but its value is never read.
src/components/D3Chart.tsx(80,33): error TS7006: Parameter 'event' implicitly has an 'any' type.
src/components/D3Chart.tsx(80,40): error TS7006: Parameter 'd' implicitly has an 'any' type.
src/components/D3Chart.tsx(81,19): error TS2683: 'this' implicitly has type 'any' because it does not have a type annotation.
src/components/D3Chart.tsx(85,19): error TS2683: 'this' implicitly has type 'any' because it does not have a type annotation.
src/components/ResultsPredClose.tsx(2,21): error TS7016: Could not find a declaration file for module 'd3'. '/root/autodl-tmp/chi26-image2code/samples/glm/tableau_dashboard_696_3/node_modules/d3/src/index.js' implicitly has an 'any' type.
  Try `npm i --save-dev @types/d3` if it exists or add a new declaration (.d.ts) file containing `declare module 'd3';`
src/components/ResultsPredClose.tsx(32,31): error TS7006: Parameter 'd' implicitly has an 'any' type.
src/components/ResultsPredClose.tsx(36,32): error TS7006: Parameter 'd' implicitly has an 'any' type.
src/components/ResultsPredClose.tsx(50,10): error TS7006: Parameter 'd' implicitly has an 'any' type.
src/components/ResultsPredClose.tsx(51,10): error TS7006: Parameter 'd' implicitly has an 'any' type.
src/components/ResultsPredClose.tsx(65,19): error TS7006: Parameter 'd' implicitly has an 'any' type.
src/components/ResultsPredClose.tsx(66,19): error TS7006: Parameter 'd' implicitly has an 'any' type.
src/components/ResultsPredClose.tsx(69,33): error TS6133: 'event' is declared but its value is never read.
src/components/ResultsPredClose.tsx(69,33): error TS7006: Parameter 'event' implicitly has an 'any' type.
src/components/ResultsPredClose.tsx(69,40): error TS7006: Parameter 'd' implicitly has an 'any' type.
src/components/ResultsPredClose.tsx(70,19): error TS2683: 'this' implicitly has type 'any' because it does not have a type annotation.
src/components/ResultsPredClose.tsx(74,19): error TS2683: 'this' implicitly has type 'any' because it does not have a type annotation.
src/components/ResultsPredOpen.tsx(2,21): error TS7016: Could not find a declaration file for module 'd3'. '/root/autodl-tmp/chi26-image2code/samples/glm/tableau_dashboard_696_3/node_modules/d3/src/index.js' implicitly has an 'any' type.
  Try `npm i --save-dev @types/d3` if it exists or add a new declaration (.d.ts) file containing `declare module 'd3';`
src/components/ResultsPredOpen.tsx(32,31): error TS7006: Parameter 'd' implicitly has an 'any' type.
src/components/ResultsPredOpen.tsx(36,32): error TS7006: Parameter 'd' implicitly has an 'any' type.
src/components/ResultsPredOpen.tsx(50,10): error TS7006: Parameter 'd' implicitly has an 'any' type.
src/components/ResultsPredOpen.tsx(51,10): error TS7006: Parameter 'd' implicitly has an 'any' type.
src/components/ResultsPredOpen.tsx(65,19): error TS7006: Parameter 'd' implicitly has an 'any' type.
src/components/ResultsPredOpen.tsx(66,19): error TS7006: Parameter 'd' implicitly has an 'any' type.
src/components/ResultsPredOpen.tsx(69,33): error TS6133: 'event' is declared but its value is never read.
src/components/ResultsPredOpen.tsx(69,33): error TS7006: Parameter 'event' implicitly has an 'any' type.
src/components/ResultsPredOpen.tsx(69,40): error TS7006: Parameter 'd' implicitly has an 'any' type.
src/components/ResultsPredOpen.tsx(70,19): error TS2683: 'this' implicitly has type 'any' because it does not have a type annotation.
src/components/ResultsPredOpen.tsx(74,19): error TS2683: 'this' implicitly has type 'any' because it does not have a type annotation.
"
glm,tableau_dashboard_7172_1,/root/autodl-tmp/chi26-image2code/samples/glm/tableau_dashboard_7172_1,ok,0.0,0.0,True,1,
glm,tableau_dashboard_8077_2,/root/autodl-tmp/chi26-image2code/samples/glm/tableau_dashboard_8077_2,error,,,,,"Build failed for /root/autodl-tmp/chi26-image2code/samples/glm/tableau_dashboard_8077_2:

> tableau_dashboard_8077_2@0.0.0 build
> tsc -b && vite build

src/App.tsx(6,86): error TS2307: Cannot find module '../utils/dataUtils' or its corresponding type declarations.
src/App.tsx(7,10): error TS1484: 'DashboardState' is a type and must be imported using a type-only import when 'verbatimModuleSyntax' is enabled.
src/App.tsx(7,26): error TS1484: 'DashboardActions' is a type and must be imported using a type-only import when 'verbatimModuleSyntax' is enabled.
src/components/BottomStations.tsx(2,21): error TS7016: Could not find a declaration file for module 'd3'. '/root/autodl-tmp/chi26-image2code/samples/glm/tableau_dashboard_8077_2/node_modules/d3/src/index.js' implicitly has an 'any' type.
  Try `npm i --save-dev @types/d3` if it exists or add a new declaration (.d.ts) file containing `declare module 'd3';`
src/components/BottomStations.tsx(3,10): error TS1484: 'ChartData' is a type and must be imported using a type-only import when 'verbatimModuleSyntax' is enabled.
src/components/BottomStations.tsx(32,32): error TS7006: Parameter 'd' implicitly has an 'any' type.
src/components/BottomStations.tsx(47,18): error TS7006: Parameter 'd' implicitly has an 'any' type.
src/components/BottomStations.tsx(48,22): error TS7006: Parameter 'd' implicitly has an 'any' type.
src/components/BottomStations.tsx(50,21): error TS7006: Parameter 'd' implicitly has an 'any' type.
src/components/BottomStations.tsx(55,29): error TS6133: 'event' is declared but its value is never read.
src/components/BottomStations.tsx(55,29): error TS7006: Parameter 'event' implicitly has an 'any' type.
src/components/BottomStations.tsx(55,36): error TS7006: Parameter 'd' implicitly has an 'any' type.
src/components/BottomStations.tsx(58,33): error TS6133: 'event' is declared but its value is never read.
src/components/BottomStations.tsx(58,33): error TS7006: Parameter 'event' implicitly has an 'any' type.
src/components/BottomStations.tsx(58,40): error TS6133: 'd' is declared but its value is never read.
src/components/BottomStations.tsx(58,40): error TS7006: Parameter 'd' implicitly has an 'any' type.
src/components/BottomStations.tsx(59,19): error TS2683: 'this' implicitly has type 'any' because it does not have a type annotation.
src/components/BottomStations.tsx(61,32): error TS6133: 'event' is declared but its value is never read.
src/components/BottomStations.tsx(61,32): error TS7006: Parameter 'event' implicitly has an 'any' type.
src/components/BottomStations.tsx(61,39): error TS7006: Parameter 'd' implicitly has an 'any' type.
src/components/BottomStations.tsx(63,21): error TS2683: 'this' implicitly has type 'any' because it does not have a type annotation.
src/components/BottomStations.tsx(65,21): error TS2683: 'this' implicitly has type 'any' because it does not have a type annotation.
src/components/BottomStations.tsx(67,21): error TS2683: 'this' implicitly has type 'any' because it does not have a type annotation.
src/components/BottomStations.tsx(77,18): error TS7006: Parameter 'd' implicitly has an 'any' type.
src/components/BottomStations.tsx(78,18): error TS7006: Parameter 'd' implicitly has an 'any' type.
src/components/BottomStations.tsx(80,13): error TS7006: Parameter 'd' implicitly has an 'any' type.
src/components/Map1.tsx(2,21): error TS7016: Could not find a declaration file for module 'd3'. '/root/autodl-tmp/chi26-image2code/samples/glm/tableau_dashboard_8077_2/node_modules/d3/src/index.js' implicitly has an 'any' type.
  Try `npm i --save-dev @types/d3` if it exists or add a new declaration (.d.ts) file containing `declare module 'd3';`
src/components/Map1.tsx(3,10): error TS1484: 'ChartData' is a type and must be imported using a type-only import when 'verbatimModuleSyntax' is enabled.
src/components/Map1.tsx(37,32): error TS7006: Parameter 'd' implicitly has an 'any' type.
src/components/Map1.tsx(46,18): error TS7006: Parameter 'd' implicitly has an 'any' type.
src/components/Map1.tsx(48,22): error TS7006: Parameter 'd' implicitly has an 'any' type.
src/components/Map1.tsx(49,21): error TS7006: Parameter 'd' implicitly has an 'any' type.
src/components/Map1.tsx(54,29): error TS6133: 'event' is declared but its value is never read.
src/components/Map1.tsx(54,29): error TS7006: Parameter 'event' implicitly has an 'any' type.
src/components/Map1.tsx(54,36): error TS7006: Parameter 'd' implicitly has an 'any' type.
src/components/Map1.tsx(57,33): error TS6133: 'event' is declared but its value is never read.
src/components/Map1.tsx(57,33): error TS7006: Parameter 'event' implicitly has an 'any' type.
src/components/Map1.tsx(57,40): error TS6133: 'd' is declared but its value is never read.
src/components/Map1.tsx(57,40): error TS7006: Parameter 'd' implicitly has an 'any' type.
src/components/Map1.tsx(58,19): error TS2683: 'this' implicitly has type 'any' because it does not have a type annotation.
src/components/Map1.tsx(60,32): error TS6133: 'event' is declared but its value is never read.
src/components/Map1.tsx(60,32): error TS7006: Parameter 'event' implicitly has an 'any' type.
src/components/Map1.tsx(60,39): error TS7006: Parameter 'd' implicitly has an 'any' type.
src/components/Map1.tsx(62,21): error TS2683: 'this' implicitly has type 'any' because it does not have a type annotation.
src/components/Map1.tsx(64,21): error TS2683: 'this' implicitly has type 'any' because it does not have a type annotation.
src/components/Map1.tsx(66,21): error TS2683: 'this' implicitly has type 'any' because it does not have a type annotation.
src/components/Map1.tsx(76,18): error TS7006: Parameter 'd' implicitly has an 'any' type.
src/components/Map1.tsx(77,18): error TS7006: Parameter 'd' implicitly has an 'any' type.
src/components/Map1.tsx(79,13): error TS7006: Parameter 'd' implicitly has an 'any' type.
src/components/TopStations.tsx(2,21): error TS7016: Could not find a declaration file for module 'd3'. '/root/autodl-tmp/chi26-image2code/samples/glm/tableau_dashboard_8077_2/node_modules/d3/src/index.js' implicitly has an 'any' type.
  Try `npm i --save-dev @types/d3` if it exists or add a new declaration (.d.ts) file containing `declare module 'd3';`
src/components/TopStations.tsx(3,10): error TS1484: 'ChartData' is a type and must be imported using a type-only import when 'verbatimModuleSyntax' is enabled.
src/components/TopStations.tsx(32,32): error TS7006: Parameter 'd' implicitly has an 'any' type.
src/components/TopStations.tsx(47,18): error TS7006: Parameter 'd' implicitly has an 'any' type.
src/components/TopStations.tsx(48,22): error TS7006: Parameter 'd' implicitly has an 'any' type.
src/components/TopStations.tsx(50,21): error TS7006: Parameter 'd' implicitly has an 'any' type.
src/components/TopStations.tsx(55,29): error TS6133: 'event' is declared but its value is never read.
src/components/TopStations.tsx(55,29): error TS7006: Parameter 'event' implicitly has an 'any' type.
src/components/TopStations.tsx(55,36): error TS7006: Parameter 'd' implicitly has an 'any' type.
src/components/TopStations.tsx(58,33): error TS6133: 'event' is declared but its value is never read.
src/components/TopStations.tsx(58,33): error TS7006: Parameter 'event' implicitly has an 'any' type.
src/components/TopStations.tsx(58,40): error TS6133: 'd' is declared but its value is never read.
src/components/TopStations.tsx(58,40): error TS7006: Parameter 'd' implicitly has an 'any' type.
src/components/TopStations.tsx(59,19): error TS2683: 'this' implicitly has type 'any' because it does not have a type annotation.
src/components/TopStations.tsx(61,32): error TS6133: 'event' is declared but its value is never read.
src/components/TopStations.tsx(61,32): error TS7006: Parameter 'event' implicitly has an 'any' type.
src/components/TopStations.tsx(61,39): error TS7006: Parameter 'd' implicitly has an 'any' type.
src/components/TopStations.tsx(63,21): error TS2683: 'this' implicitly has type 'any' because it does not have a type annotation.
src/components/TopStations.tsx(65,21): error TS2683: 'this' implicitly has type 'any' because it does not have a type annotation.
src/components/TopStations.tsx(67,21): error TS2683: 'this' implicitly has type 'any' because it does not have a type annotation.
src/components/TopStations.tsx(77,18): error TS7006: Parameter 'd' implicitly has an 'any' type.
src/components/TopStations.tsx(78,18): error TS7006: Parameter 'd' implicitly has an 'any' type.
src/components/TopStations.tsx(80,13): error TS7006: Parameter 'd' implicitly has an 'any' type.
src/utils/dataUtils.ts(1,21): error TS7016: Could not find a declaration file for module 'd3'. '/root/autodl-tmp/chi26-image2code/samples/glm/tableau_dashboard_8077_2/node_modules/d3/src/index.js' implicitly has an 'any' type.
  Try `npm i --save-dev @types/d3` if it exists or add a new declaration (.d.ts) file containing `declare module 'd3';`
"
glm,tableau_dashboard_8239,/root/autodl-tmp/chi26-image2code/samples/glm/tableau_dashboard_8239,error,,,,,"Build failed for /root/autodl-tmp/chi26-image2code/samples/glm/tableau_dashboard_8239:

> tableau_dashboard_8239@0.0.0 build
> tsc -b && vite build

src/App.tsx(1,8): error TS6133: 'React' is declared but its value is never read.
src/App.tsx(42,49): error TS6133: 'fieldId' is declared but its value is never read.
src/components/MonthChart.tsx(83,21): error TS6133: 'event' is declared but its value is never read.
src/components/OrdersByRegionCategoryChart.tsx(36,11): error TS7034: Variable 'result' implicitly has type 'any[]' in some locations where its type cannot be determined.
src/components/OrdersByRegionCategoryChart.tsx(43,12): error TS7005: Variable 'result' implicitly has an 'any[]' type.
src/components/OrdersByRegionCategoryChart.tsx(94,21): error TS6133: 'event' is declared but its value is never read.
src/components/ProfitByCategoryChart.tsx(91,21): error TS6133: 'event' is declared but its value is never read.
src/components/ProfitByMarketsChart.tsx(80,21): error TS6133: 'event' is declared but its value is never read.
src/components/ProfitByYearChart.tsx(82,21): error TS6133: 'event' is declared but its value is never read.
src/components/SalesQuantityByMarketsChart.tsx(80,21): error TS6133: 'event' is declared but its value is never read.
src/components/SalesQuantityChart.tsx(81,21): error TS6133: 'event' is declared but its value is never read.
src/components/Top5ItemsBySalesChart.tsx(85,21): error TS6133: 'event' is declared but its value is never read.
src/components/TotalProfitChart.tsx(14,3): error TS6133: 'highlightedFields' is declared but its value is never read.
src/components/TotalProfitChart.tsx(30,11): error TS6133: 'margin' is declared but its value is never read.
src/components/YearChart.tsx(80,21): error TS6133: 'event' is declared but its value is never read.
src/dataLoader.ts(31,3): error TS2322: Type '{ Sales: number; Quantity: number; Discount: number; Profit: number; }[]' is not assignable to type 'DataRow[]'.
  Type '{ Sales: number; Quantity: number; Discount: number; Profit: number; }' is missing the following properties from type 'DataRow': 'Row ID', 'Order ID', 'Order Date', 'Ship Date', and 13 more.
"
glm,tableau_dashboard_8501,/root/autodl-tmp/chi26-image2code/samples/glm/tableau_dashboard_8501,error,,,,,"Build failed for /root/autodl-tmp/chi26-image2code/samples/glm/tableau_dashboard_8501:

> tableau_dashboard_8501@0.0.0 build
> tsc -b && vite build

src/App.tsx(2,21): error TS7016: Could not find a declaration file for module 'd3'. '/root/autodl-tmp/chi26-image2code/samples/glm/tableau_dashboard_8501/node_modules/d3/src/index.js' implicitly has an 'any' type.
  Try `npm i --save-dev @types/d3` if it exists or add a new declaration (.d.ts) file containing `declare module 'd3';`
src/App.tsx(58,7): error TS7006: Parameter 'v' implicitly has an 'any' type.
src/App.tsx(59,27): error TS7006: Parameter 'd' implicitly has an 'any' type.
src/App.tsx(60,27): error TS7006: Parameter 'd' implicitly has an 'any' type.
src/App.tsx(61,28): error TS7006: Parameter 'd' implicitly has an 'any' type.
src/App.tsx(64,7): error TS7006: Parameter 'd' implicitly has an 'any' type.
src/App.tsx(188,32): error TS7006: Parameter 'd' implicitly has an 'any' type.
src/App.tsx(197,18): error TS7006: Parameter 'd' implicitly has an 'any' type.
src/App.tsx(198,18): error TS7006: Parameter 'd' implicitly has an 'any' type.
src/App.tsx(200,23): error TS7006: Parameter 'd' implicitly has an 'any' type.
src/App.tsx(203,21): error TS6133: 'event' is declared but its value is never read.
src/App.tsx(203,21): error TS7006: Parameter 'event' implicitly has an 'any' type.
src/App.tsx(203,28): error TS7006: Parameter 'd' implicitly has an 'any' type.
src/App.tsx(255,32): error TS7006: Parameter 'd' implicitly has an 'any' type.
src/App.tsx(264,18): error TS7006: Parameter 'd' implicitly has an 'any' type.
src/App.tsx(265,18): error TS7006: Parameter 'd' implicitly has an 'any' type.
src/App.tsx(267,23): error TS7006: Parameter 'd' implicitly has an 'any' type.
src/App.tsx(270,21): error TS6133: 'event' is declared but its value is never read.
src/App.tsx(270,21): error TS7006: Parameter 'event' implicitly has an 'any' type.
src/App.tsx(270,28): error TS7006: Parameter 'd' implicitly has an 'any' type.
src/App.tsx(322,32): error TS7006: Parameter 'd' implicitly has an 'any' type.
src/App.tsx(331,18): error TS7006: Parameter 'd' implicitly has an 'any' type.
src/App.tsx(332,18): error TS7006: Parameter 'd' implicitly has an 'any' type.
src/App.tsx(334,23): error TS7006: Parameter 'd' implicitly has an 'any' type.
src/App.tsx(337,21): error TS6133: 'event' is declared but its value is never read.
src/App.tsx(337,21): error TS7006: Parameter 'event' implicitly has an 'any' type.
src/App.tsx(337,28): error TS7006: Parameter 'd' implicitly has an 'any' type.
"
glm,tableau_dashboard_902,/root/autodl-tmp/chi26-image2code/samples/glm/tableau_dashboard_902,error,,,,,"reference episode compilation failed: Page.wait_for_selector: Timeout 15000ms exceeded.
Call log:
  - waiting for locator(""svg, canvas"") to be visible
"
glm,tableau_dashboard_refine2_3947,/root/autodl-tmp/chi26-image2code/samples/glm/tableau_dashboard_refine2_3947,error,,,,,"Build failed for /root/autodl-tmp/chi26-image2code/samples/glm/tableau_dashboard_refine2_3947:

> tableau_dashboard_refine2_3947@0.0.0 build
> tsc -b && vite build

src/components/D3ChartContainer.tsx(2,21): error TS7016: Could not find a declaration file for module 'd3'. '/root/autodl-tmp/chi26-image2code/samples/glm/tableau_dashboard_refine2_3947/node_modules/d3/src/index.js' implicitly has an 'any' type.
  Try `npm i --save-dev @types/d3` if it exists or add a new declaration (.d.ts) file containing `declare module 'd3';`
src/components/D3ChartContainer.tsx(3,10): error TS1484: 'HighlightBinding' is a type and must be imported using a type-only import when 'verbatimModuleSyntax' is enabled.
src/components/D3ChartContainer.tsx(3,28): error TS1484: 'DashboardAction' is a type and must be imported using a type-only import when 'verbatimModuleSyntax' is enabled.
src/components/D3ChartContainer.tsx(62,13): error TS6133: 'chartComponent' is declared but its value is never read.
src/components/D3ChartContainer.tsx(63,9): error TS2769: No overload matches this call.
  The last overload gave the following error.
    Object literal may only specify known properties, and 'container' does not exist in type 'Partial<unknown> & Attributes'.
src/components/HorizontalBarChart.tsx(1,36): error TS6133: 'useState' is declared but its value is never read.
src/components/HorizontalBarChart.tsx(2,21): error TS7016: Could not find a declaration file for module 'd3'. '/root/autodl-tmp/chi26-image2code/samples/glm/tableau_dashboard_refine2_3947/node_modules/d3/src/index.js' implicitly has an 'any' type.
  Try `npm i --save-dev @types/d3` if it exists or add a new declaration (.d.ts) file containing `declare module 'd3';`
src/components/HorizontalBarChart.tsx(36,40): error TS7006: Parameter 'd' implicitly has an 'any' type.
src/components/HorizontalBarChart.tsx(56,42): error TS7006: Parameter 'd' implicitly has an 'any' type.
src/components/HorizontalBarChart.tsx(66,18): error TS7006: Parameter 'd' implicitly has an 'any' type.
src/components/HorizontalBarChart.tsx(69,22): error TS7006: Parameter 'd' implicitly has an 'any' type.
src/components/HorizontalBarChart.tsx(69,25): error TS6133: 'i' is declared but its value is never read.
src/components/HorizontalBarChart.tsx(69,25): error TS7006: Parameter 'i' implicitly has an 'any' type.
src/components/HorizontalBarChart.tsx(73,21): error TS6133: 'event' is declared but its value is never read.
src/components/HorizontalBarChart.tsx(73,21): error TS7006: Parameter 'event' implicitly has an 'any' type.
src/components/HorizontalBarChart.tsx(73,28): error TS7006: Parameter 'd' implicitly has an 'any' type.
src/components/HorizontalBarChart.tsx(78,25): error TS7006: Parameter 'event' implicitly has an 'any' type.
src/components/HorizontalBarChart.tsx(78,32): error TS6133: 'd' is declared but its value is never read.
src/components/HorizontalBarChart.tsx(78,32): error TS7006: Parameter 'd' implicitly has an 'any' type.
src/components/HorizontalBarChart.tsx(82,24): error TS7006: Parameter 'event' implicitly has an 'any' type.
src/components/HorizontalBarChart.tsx(82,31): error TS7006: Parameter 'd' implicitly has an 'any' type.
src/components/HorizontalBarChart.tsx(88,22): error TS7006: Parameter 'd' implicitly has an 'any' type.
src/components/LineChart.tsx(1,36): error TS6133: 'useState' is declared but its value is never read.
src/components/LineChart.tsx(2,21): error TS7016: Could not find a declaration file for module 'd3'. '/root/autodl-tmp/chi26-image2code/samples/glm/tableau_dashboard_refine2_3947/node_modules/d3/src/index.js' implicitly has an 'any' type.
  Try `npm i --save-dev @types/d3` if it exists or add a new declaration (.d.ts) file containing `declare module 'd3';`
src/components/LineChart.tsx(36,40): error TS7006: Parameter 'd' implicitly has an 'any' type.
src/components/LineChart.tsx(39,33): error TS7006: Parameter 'd' implicitly has an 'any' type.
src/components/LineChart.tsx(52,42): error TS7006: Parameter 'd' implicitly has an 'any' type.
src/components/LineChart.tsx(58,10): error TS7006: Parameter 'd' implicitly has an 'any' type.
src/components/LineChart.tsx(59,10): error TS7006: Parameter 'd' implicitly has an 'any' type.
src/components/LineChart.tsx(74,19): error TS7006: Parameter 'd' implicitly has an 'any' type.
src/components/LineChart.tsx(75,19): error TS7006: Parameter 'd' implicitly has an 'any' type.
src/components/LineChart.tsx(77,22): error TS7006: Parameter 'd' implicitly has an 'any' type.
src/components/LineChart.tsx(81,21): error TS6133: 'event' is declared but its value is never read.
src/components/LineChart.tsx(81,21): error TS7006: Parameter 'event' implicitly has an 'any' type.
src/components/LineChart.tsx(81,28): error TS7006: Parameter 'd' implicitly has an 'any' type.
src/components/LineChart.tsx(86,25): error TS7006: Parameter 'event' implicitly has an 'any' type.
src/components/LineChart.tsx(86,32): error TS6133: 'd' is declared but its value is never read.
src/components/LineChart.tsx(86,32): error TS7006: Parameter 'd' implicitly has an 'any' type.
src/components/LineChart.tsx(91,24): error TS7006: Parameter 'event' implicitly has an 'any' type.
src/components/LineChart.tsx(91,31): error TS7006: Parameter 'd' implicitly has an 'any' type.
src/components/VerticalBarChart.tsx(1,36): error TS6133: 'useState' is declared but its value is never read.
src/components/VerticalBarChart.tsx(2,21): error TS7016: Could not find a declaration file for module 'd3'. '/root/autodl-tmp/chi26-image2code/samples/glm/tableau_dashboard_refine2_3947/node_modules/d3/src/index.js' implicitly has an 'any' type.
  Try `npm i --save-dev @types/d3` if it exists or add a new declaration (.d.ts) file containing `declare module 'd3';`
src/components/VerticalBarChart.tsx(36,40): error TS7006: Parameter 'd' implicitly has an 'any' type.
src/components/VerticalBarChart.tsx(56,42): error TS7006: Parameter 'd' implicitly has an 'any' type.
src/components/VerticalBarChart.tsx(66,18): error TS7006: Parameter 'd' implicitly has an 'any' type.
src/components/VerticalBarChart.tsx(70,22): error TS7006: Parameter 'd' implicitly has an 'any' type.
src/components/VerticalBarChart.tsx(70,25): error TS6133: 'i' is declared but its value is never read.
src/components/VerticalBarChart.tsx(70,25): error TS7006: Parameter 'i' implicitly has an 'any' type.
src/components/VerticalBarChart.tsx(74,21): error TS6133: 'event' is declared but its value is never read.
src/components/VerticalBarChart.tsx(74,21): error TS7006: Parameter 'event' implicitly has an 'any' type.
src/components/VerticalBarChart.tsx(74,28): error TS7006: Parameter 'd' implicitly has an 'any' type.
src/components/VerticalBarChart.tsx(79,25): error TS7006: Parameter 'event' implicitly has an 'any' type.
src/components/VerticalBarChart.tsx(79,32): error TS6133: 'd' is declared but its value is never read.
src/components/VerticalBarChart.tsx(79,32): error TS7006: Parameter 'd' implicitly has an 'any' type.
src/components/VerticalBarChart.tsx(83,24): error TS7006: Parameter 'event' implicitly has an 'any' type.
src/components/VerticalBarChart.tsx(83,31): error TS7006: Parameter 'd' implicitly has an 'any' type.
src/components/VerticalBarChart.tsx(89,18): error TS7006: Parameter 'd' implicitly has an 'any' type.
src/components/VerticalBarChart.tsx(90,23): error TS7006: Parameter 'd' implicitly has an 'any' type.
"
glm,tableau_dashboard_refine2_4592,/root/autodl-tmp/chi26-image2code/samples/glm/tableau_dashboard_refine2_4592,ok,0.0,0.0,False,3,
glm,tableau_dashboard_refine4_3352,/root/autodl-tmp/chi26-image2code/samples/glm/tableau_dashboard_refine4_3352,error,,,,,"reference episode compilation failed: Build failed for /root/autodl-tmp/chi26-image2code/samples/ours/tableau_dashboard_refine4_3352:

> vite_template_tmp@0.0.0 build
> tsc -b && vite build

src/hooks/useData.ts(33,47): error TS2344: Type 'DataRecord' does not satisfy the constraint 'Record<string, unknown>'.
  Index signature for type 'string' is missing in type 'DataRecord'.
src/hooks/useData.ts(49,43): error TS2345: Argument of type 'DataRecord[]' is not assignable to parameter of type 'Record<string, unknown>[]'.
  Type 'DataRecord' is not assignable to type 'Record<string, unknown>'.
    Index signature for type 'string' is missing in type 'DataRecord'.
src/hooks/useData.ts(204,17): error TS2345: Argument of type '{ year: number; minId: number; }[]' is not assignable to parameter of type 'SetStateAction<Sheet2Data[]>'.
  Type '{ year: number; minId: number; }[]' is not assignable to type 'Sheet2Data[]'.
    Property 'quarter' is missing in type '{ year: number; minId: number; }' but required in type 'Sheet2Data'.
"
glm,tableau_dashboard_refine4_3512,/root/autodl-tmp/chi26-image2code/samples/glm/tableau_dashboard_refine4_3512,error,,,,,"reference episode compilation failed: Build failed for /root/autodl-tmp/chi26-image2code/samples/ours/tableau_dashboard_refine4_3512:

> vite_template_tmp@0.0.0 build
> tsc -b && vite build

src/components/AnnualByTypeYearChart.tsx(86,19): error TS2769: No overload matches this call.
  Overload 1 of 2, '(selector: string): Selection<BaseType, unknown, HTMLElement, any>', gave the following error.
    Argument of type 'EventTarget' is not assignable to parameter of type 'string'.
  Overload 2 of 2, '(node: BaseType): Selection<BaseType, unknown, null, undefined>', gave the following error.
    Argument of type 'EventTarget' is not assignable to parameter of type 'BaseType'.
      Type 'EventTarget' is missing the following properties from type 'Window': clientInformation, closed, customElements, devicePixelRatio, and 202 more.
src/components/AnnualByTypeYearChart.tsx(122,42): error TS2339: Property 'data' does not exist on type 'unknown'.
src/components/AnnualByTypeYearChart.tsx(122,64): error TS2339: Property 'data' does not exist on type 'unknown'.
src/components/AnnualByTypeYearChart.tsx(122,81): error TS2339: Property 'data' does not exist on type 'unknown'.
src/components/AnnualByTypeYearChart.tsx(122,106): error TS2339: Property 'data' does not exist on type 'unknown'.
src/components/InformationSourceChart.tsx(67,41): error TS2769: No overload matches this call.
  Overload 1 of 4, '(iterable: Iterable<Record<string, string | number>>, accessor: (datum: Record<string, string | number>, index: number, array: Iterable<Record<string, string | number>>) => string): string', gave the following error.
    Type 'string | number' is not assignable to type 'string'.
      Type 'number' is not assignable to type 'string'.
  Overload 2 of 4, '(iterable: Iterable<Record<string, string | number>>, accessor: (datum: Record<string, string | number>, index: number, array: Iterable<Record<string, string | number>>) => Numeric): Numeric', gave the following error.
    Type 'string | number' is not assignable to type 'Numeric'.
      Type 'string' is not assignable to type 'Numeric'.
src/components/InformationSourceChart.tsx(69,19): error TS2362: The left-hand side of an arithmetic operation must be of type 'any', 'number', 'bigint' or an enum type.
"
glm,tableau_dashboard_refine5_10700,/root/autodl-tmp/chi26-image2code/samples/glm/tableau_dashboard_refine5_10700,error,,,,,"reference episode compilation failed: Build failed for /root/autodl-tmp/chi26-image2code/samples/ours/tableau_dashboard_refine5_10700:

> vite_template_tmp@0.0.0 build
> tsc -b && vite build

scripts/validateTableauSource.ts(11,10): error TS2305: Module '""d3-dsv""' has no exported member 'csv'.
src/components/charts/HorizontalStackedPercentageBar.tsx(104,14): error TS2345: Argument of type 'string[]' is not assignable to parameter of type 'Iterable<NumberValue>'.
  The types returned by '[Symbol.iterator]().next(...)' are incompatible between these types.
    Type 'IteratorResult<string, any>' is not assignable to type 'IteratorResult<NumberValue, any>'.
      Type 'IteratorYieldResult<string>' is not assignable to type 'IteratorResult<NumberValue, any>'.
        Type 'IteratorYieldResult<string>' is not assignable to type 'IteratorYieldResult<NumberValue>'.
          Type 'string' is not assignable to type 'NumberValue'.
src/services/dataService.ts(179,29): error TS2352: Conversion of type 'TransformedDiabetesRecord' to type 'Record<string, unknown>' may be a mistake because neither type sufficiently overlaps with the other. If this was intentional, convert the expression to 'unknown' first.
  Index signature for type 'string' is missing in type 'TransformedDiabetesRecord'.
"
glm,tableau_dashboard_refine5_155,/root/autodl-tmp/chi26-image2code/samples/glm/tableau_dashboard_refine5_155,error,,,,,"Build failed for /root/autodl-tmp/chi26-image2code/samples/glm/tableau_dashboard_refine5_155:

> tableau_dashboard_refine5_155@0.0.0 build
> tsc -b && vite build

src/components/BarChart.tsx(2,21): error TS7016: Could not find a declaration file for module 'd3'. '/root/autodl-tmp/chi26-image2code/samples/glm/tableau_dashboard_refine5_155/node_modules/d3/src/index.js' implicitly has an 'any' type.
  Try `npm i --save-dev @types/d3` if it exists or add a new declaration (.d.ts) file containing `declare module 'd3';`
src/components/BarChart.tsx(32,7): error TS7006: Parameter 'v' implicitly has an 'any' type.
src/components/BarChart.tsx(32,22): error TS7006: Parameter 'd' implicitly has an 'any' type.
src/components/BarChart.tsx(33,7): error TS7006: Parameter 'd' implicitly has an 'any' type.
src/components/BarChart.tsx(37,23): error TS18046: 'b' is of type 'unknown'.
src/components/BarChart.tsx(37,30): error TS18046: 'a' is of type 'unknown'.
src/components/BarChart.tsx(41,38): error TS7006: Parameter 'd' implicitly has an 'any' type.
src/components/BarChart.tsx(45,35): error TS18046: 'd' is of type 'unknown'.
src/components/BarChart.tsx(75,18): error TS7006: Parameter 'd' implicitly has an 'any' type.
src/components/BarChart.tsx(78,22): error TS7006: Parameter 'd' implicitly has an 'any' type.
src/components/BarChart.tsx(80,33): error TS6133: 'event' is declared but its value is never read.
src/components/BarChart.tsx(80,33): error TS7006: Parameter 'event' implicitly has an 'any' type.
src/components/BarChart.tsx(80,40): error TS6133: 'd' is declared but its value is never read.
src/components/BarChart.tsx(80,40): error TS7006: Parameter 'd' implicitly has an 'any' type.
src/components/BarChart.tsx(81,19): error TS2683: 'this' implicitly has type 'any' because it does not have a type annotation.
src/components/BarChart.tsx(85,19): error TS2683: 'this' implicitly has type 'any' because it does not have a type annotation.
src/components/BarChart.tsx(94,18): error TS7006: Parameter 'd' implicitly has an 'any' type.
src/components/BarChart.tsx(95,18): error TS7006: Parameter 'd' implicitly has an 'any' type.
src/components/BarChart.tsx(97,13): error TS7006: Parameter 'd' implicitly has an 'any' type.
src/components/CustomerOverview.tsx(2,21): error TS7016: Could not find a declaration file for module 'd3'. '/root/autodl-tmp/chi26-image2code/samples/glm/tableau_dashboard_refine5_155/node_modules/d3/src/index.js' implicitly has an 'any' type.
  Try `npm i --save-dev @types/d3` if it exists or add a new declaration (.d.ts) file containing `declare module 'd3';`
src/components/CustomerOverview.tsx(20,7): error TS7006: Parameter 'v' implicitly has an 'any' type.
src/components/CustomerOverview.tsx(21,31): error TS7006: Parameter 'd' implicitly has an 'any' type.
src/components/CustomerOverview.tsx(23,39): error TS7006: Parameter 'd' implicitly has an 'any' type.
src/components/CustomerOverview.tsx(24,42): error TS7006: Parameter 'd' implicitly has an 'any' type.
src/components/CustomerOverview.tsx(26,7): error TS7006: Parameter 'd' implicitly has an 'any' type.
src/components/CustomerOverview.tsx(30,23): error TS18046: 'b' is of type 'unknown'.
src/components/CustomerOverview.tsx(30,41): error TS18046: 'a' is of type 'unknown'.
src/components/CustomerOverview.tsx(45,13): error TS7006: Parameter 'd' implicitly has an 'any' type.
src/components/CustomerOverview.tsx(57,13): error TS7006: Parameter 'd' implicitly has an 'any' type.
src/components/CustomerOverview.tsx(61,13): error TS7006: Parameter 'd' implicitly has an 'any' type.
src/components/CustomerOverview.tsx(65,13): error TS7006: Parameter 'd' implicitly has an 'any' type.
src/components/CustomerOverview.tsx(69,13): error TS7006: Parameter 'd' implicitly has an 'any' type.
src/components/CustomerOverview.tsx(73,13): error TS7006: Parameter 'd' implicitly has an 'any' type.
src/components/LineChart.tsx(2,21): error TS7016: Could not find a declaration file for module 'd3'. '/root/autodl-tmp/chi26-image2code/samples/glm/tableau_dashboard_refine5_155/node_modules/d3/src/index.js' implicitly has an 'any' type.
  Try `npm i --save-dev @types/d3` if it exists or add a new declaration (.d.ts) file containing `declare module 'd3';`
src/components/LineChart.tsx(32,7): error TS7006: Parameter 'v' implicitly has an 'any' type.
src/components/LineChart.tsx(32,22): error TS7006: Parameter 'd' implicitly has an 'any' type.
src/components/LineChart.tsx(33,7): error TS7006: Parameter 'd' implicitly has an 'any' type.
src/components/LineChart.tsx(37,23): error TS18046: 'a' is of type 'unknown'.
src/components/LineChart.tsx(37,30): error TS18046: 'b' is of type 'unknown'.
src/components/LineChart.tsx(41,35): error TS7006: Parameter 'd' implicitly has an 'any' type.
src/components/LineChart.tsx(41,74): error TS7006: Parameter 'd' implicitly has an 'any' type.
src/components/LineChart.tsx(45,38): error TS7006: Parameter 'd' implicitly has an 'any' type.
src/components/LineChart.tsx(91,10): error TS7006: Parameter 'd' implicitly has an 'any' type.
src/components/LineChart.tsx(92,10): error TS7006: Parameter 'd' implicitly has an 'any' type.
src/components/LineChart.tsx(108,19): error TS7006: Parameter 'd' implicitly has an 'any' type.
src/components/LineChart.tsx(109,19): error TS7006: Parameter 'd' implicitly has an 'any' type.
src/components/LineChart.tsx(112,33): error TS6133: 'event' is declared but its value is never read.
src/components/LineChart.tsx(112,33): error TS7006: Parameter 'event' implicitly has an 'any' type.
src/components/LineChart.tsx(112,40): error TS6133: 'd' is declared but its value is never read.
src/components/LineChart.tsx(112,40): error TS7006: Parameter 'd' implicitly has an 'any' type.
src/components/LineChart.tsx(113,19): error TS2683: 'this' implicitly has type 'any' because it does not have a type annotation.
src/components/LineChart.tsx(118,19): error TS2683: 'this' implicitly has type 'any' because it does not have a type annotation.
src/components/LineChart.tsx(128,18): error TS7006: Parameter 'd' implicitly has an 'any' type.
src/components/LineChart.tsx(129,18): error TS7006: Parameter 'd' implicitly has an 'any' type.
src/components/LineChart.tsx(132,13): error TS7006: Parameter 'd' implicitly has an 'any' type.
src/components/ScatterPlot.tsx(2,21): error TS7016: Could not find a declaration file for module 'd3'. '/root/autodl-tmp/chi26-image2code/samples/glm/tableau_dashboard_refine5_155/node_modules/d3/src/index.js' implicitly has an 'any' type.
  Try `npm i --save-dev @types/d3` if it exists or add a new declaration (.d.ts) file containing `declare module 'd3';`
src/components/ScatterPlot.tsx(38,39): error TS7006: Parameter 'd' implicitly has an 'any' type.
src/components/ScatterPlot.tsx(42,36): error TS7006: Parameter 'd' implicitly has an 'any' type.
src/components/ScatterPlot.tsx(42,80): error TS7006: Parameter 'd' implicitly has an 'any' type.
src/components/ScatterPlot.tsx(95,19): error TS7006: Parameter 'd' implicitly has an 'any' type.
src/components/ScatterPlot.tsx(96,19): error TS7006: Parameter 'd' implicitly has an 'any' type.
src/components/ScatterPlot.tsx(98,21): error TS7006: Parameter 'd' implicitly has an 'any' type.
src/components/ScatterPlot.tsx(100,33): error TS6133: 'event' is declared but its value is never read.
src/components/ScatterPlot.tsx(100,33): error TS7006: Parameter 'event' implicitly has an 'any' type.
src/components/ScatterPlot.tsx(100,40): error TS6133: 'd' is declared but its value is never read.
src/components/ScatterPlot.tsx(100,40): error TS7006: Parameter 'd' implicitly has an 'any' type.
src/components/ScatterPlot.tsx(101,19): error TS2683: 'this' implicitly has type 'any' because it does not have a type annotation.
src/components/ScatterPlot.tsx(106,19): error TS2683: 'this' implicitly has type 'any' because it does not have a type annotation.
src/utils/dataLoader.ts(1,18): error TS7016: Could not find a declaration file for module 'papaparse'. '/root/autodl-tmp/chi26-image2code/samples/glm/tableau_dashboard_refine5_155/node_modules/papaparse/papaparse.js' implicitly has an 'any' type.
  Try `npm i --save-dev @types/papaparse` if it exists or add a new declaration (.d.ts) file containing `declare module 'papaparse';`
src/utils/dataLoader.ts(16,18): error TS7006: Parameter 'results' implicitly has an 'any' type.
src/utils/dataLoader.ts(38,15): error TS7006: Parameter 'error' implicitly has an 'any' type.
"
glm,tableau_dashboard_refine5_157,/root/autodl-tmp/chi26-image2code/samples/glm/tableau_dashboard_refine5_157,error,,,,,"Build failed for /root/autodl-tmp/chi26-image2code/samples/glm/tableau_dashboard_refine5_157:

> tableau_dashboard_refine5_157@0.0.0 build
> tsc -b && vite build

src/App.tsx(2,21): error TS7016: Could not find a declaration file for module 'd3'. '/root/autodl-tmp/chi26-image2code/samples/glm/tableau_dashboard_refine5_157/node_modules/d3/src/index.js' implicitly has an 'any' type.
  Try `npm i --save-dev @types/d3` if it exists or add a new declaration (.d.ts) file containing `declare module 'd3';`
src/App.tsx(32,29): error TS2345: Argument of type 'number' is not assignable to parameter of type 'string'.
src/App.tsx(36,17): error TS2345: Argument of type '{ Sales: number; 'Order Date': Date; Category: string; 'Sub-Category': string; }[]' is not assignable to parameter of type 'SetStateAction<DataRow[]>'.
  Type '{ Sales: number; 'Order Date': Date; Category: string; 'Sub-Category': string; }[]' is not assignable to type 'DataRow[]'.
    Type '{ Sales: number; 'Order Date': Date; Category: string; 'Sub-Category': string; }' is not assignable to type 'DataRow'.
      Types of property ''Order Date'' are incompatible.
        Type 'Date' is not assignable to type 'string'.
src/App.tsx(51,42): error TS7006: Parameter 'd' implicitly has an 'any' type.
src/App.tsx(56,27): error TS7006: Parameter 'd' implicitly has an 'any' type.
src/App.tsx(67,46): error TS7006: Parameter 'd' implicitly has an 'any' type.
src/App.tsx(72,27): error TS7006: Parameter 'd' implicitly has an 'any' type.
src/App.tsx(135,31): error TS7006: Parameter 'd' implicitly has an 'any' type.
src/App.tsx(139,32): error TS7006: Parameter 'd' implicitly has an 'any' type.
src/App.tsx(153,10): error TS7006: Parameter 'd' implicitly has an 'any' type.
src/App.tsx(154,10): error TS7006: Parameter 'd' implicitly has an 'any' type.
src/App.tsx(169,19): error TS7006: Parameter 'd' implicitly has an 'any' type.
src/App.tsx(170,19): error TS7006: Parameter 'd' implicitly has an 'any' type.
src/App.tsx(204,32): error TS7006: Parameter 'd' implicitly has an 'any' type.
src/App.tsx(221,18): error TS7006: Parameter 'd' implicitly has an 'any' type.
src/App.tsx(224,22): error TS7006: Parameter 'd' implicitly has an 'any' type.
src/App.tsx(232,18): error TS7006: Parameter 'd' implicitly has an 'any' type.
src/App.tsx(233,18): error TS7006: Parameter 'd' implicitly has an 'any' type.
src/App.tsx(235,13): error TS7006: Parameter 'd' implicitly has an 'any' type.
src/App.tsx(263,39): error TS7006: Parameter 'd' implicitly has an 'any' type.
src/App.tsx(266,27): error TS7006: Parameter 'd' implicitly has an 'any' type.
src/App.tsx(275,48): error TS7006: Parameter 'd' implicitly has an 'any' type.
src/App.tsx(292,18): error TS7006: Parameter 'd' implicitly has an 'any' type.
src/App.tsx(294,18): error TS7006: Parameter 'd' implicitly has an 'any' type.
src/App.tsx(295,23): error TS7006: Parameter 'd' implicitly has an 'any' type.
src/App.tsx(303,18): error TS7006: Parameter 'd' implicitly has an 'any' type.
src/App.tsx(304,18): error TS7006: Parameter 'd' implicitly has an 'any' type.
src/App.tsx(307,13): error TS7006: Parameter 'd' implicitly has an 'any' type.
"
glm,tableau_dashboard_refine5_163,/root/autodl-tmp/chi26-image2code/samples/glm/tableau_dashboard_refine5_163,error,,,,,"Dependency install failed for /root/autodl-tmp/chi26-image2code/samples/glm/tableau_dashboard_refine5_163:
npm error code ETARGET
npm error notarget No matching version found for d3@^7.12.0.
npm error notarget In most cases you or one of your dependencies are requesting
npm error notarget a package version that doesn't exist.
npm error A complete log of this run can be found in: /root/.npm/_logs/2026-04-01T04_41_37_886Z-debug-0.log
"
glm,tableau_dashboard_refine5_167,/root/autodl-tmp/chi26-image2code/samples/glm/tableau_dashboard_refine5_167,error,,,,,"Build failed for /root/autodl-tmp/chi26-image2code/samples/glm/tableau_dashboard_refine5_167:

> tableau_dashboard_refine5_167@0.0.0 build
> tsc -b && vite build

src/App.tsx(4,10): error TS1484: 'Order' is a type and must be imported using a type-only import when 'verbatimModuleSyntax' is enabled.
src/utils/dataLoader.ts(1,10): error TS1484: 'Order' is a type and must be imported using a type-only import when 'verbatimModuleSyntax' is enabled.
src/utils/dataLoader.ts(10,11): error TS6133: 'headers' is declared but its value is never read.
src/utils/dataLoader.ts(51,60): error TS2304: Cannot find name 'BarChartData'.
src/utils/dataLoader.ts(67,63): error TS2304: Cannot find name 'BarChartData'.
src/utils/dataLoader.ts(83,56): error TS2304: Cannot find name 'LineChartData'.
src/utils/dataLoader.ts(100,57): error TS2304: Cannot find name 'ScatterPlotData'.
"
glm,tableau_dashboard_refine5_171,/root/autodl-tmp/chi26-image2code/samples/glm/tableau_dashboard_refine5_171,error,,,,,"Build failed for /root/autodl-tmp/chi26-image2code/samples/glm/tableau_dashboard_refine5_171:

> tableau_dashboard_refine5_171@0.0.0 build
> tsc -b && vite build

src/App.tsx(1,8): error TS6133: 'React' is declared but its value is never read.
src/components/LineChart.tsx(2,21): error TS7016: Could not find a declaration file for module 'd3'. '/root/autodl-tmp/chi26-image2code/samples/glm/tableau_dashboard_refine5_171/node_modules/d3/src/index.js' implicitly has an 'any' type.
  Try `npm i --save-dev @types/d3` if it exists or add a new declaration (.d.ts) file containing `declare module 'd3';`
src/components/LineChart.tsx(29,31): error TS7006: Parameter 'd' implicitly has an 'any' type.
src/components/LineChart.tsx(33,32): error TS7006: Parameter 'd' implicitly has an 'any' type.
src/components/LineChart.tsx(57,10): error TS7006: Parameter 'd' implicitly has an 'any' type.
src/components/LineChart.tsx(58,10): error TS7006: Parameter 'd' implicitly has an 'any' type.
src/components/LineChart.tsx(74,19): error TS7006: Parameter 'd' implicitly has an 'any' type.
src/components/LineChart.tsx(75,19): error TS7006: Parameter 'd' implicitly has an 'any' type.
src/components/SalesBySubCategory.tsx(2,21): error TS7016: Could not find a declaration file for module 'd3'. '/root/autodl-tmp/chi26-image2code/samples/glm/tableau_dashboard_refine5_171/node_modules/d3/src/index.js' implicitly has an 'any' type.
  Try `npm i --save-dev @types/d3` if it exists or add a new declaration (.d.ts) file containing `declare module 'd3';`
src/components/SalesBySubCategory.tsx(29,32): error TS7006: Parameter 'd' implicitly has an 'any' type.
src/components/SalesBySubCategory.tsx(56,18): error TS7006: Parameter 'd' implicitly has an 'any' type.
src/components/SalesBySubCategory.tsx(59,22): error TS7006: Parameter 'd' implicitly has an 'any' type.
src/components/ScatterPlot.tsx(2,21): error TS7016: Could not find a declaration file for module 'd3'. '/root/autodl-tmp/chi26-image2code/samples/glm/tableau_dashboard_refine5_171/node_modules/d3/src/index.js' implicitly has an 'any' type.
  Try `npm i --save-dev @types/d3` if it exists or add a new declaration (.d.ts) file containing `declare module 'd3';`
src/components/ScatterPlot.tsx(29,32): error TS7006: Parameter 'd' implicitly has an 'any' type.
src/components/ScatterPlot.tsx(33,29): error TS7006: Parameter 'd' implicitly has an 'any' type.
src/components/ScatterPlot.tsx(33,58): error TS7006: Parameter 'd' implicitly has an 'any' type.
src/components/ScatterPlot.tsx(61,19): error TS7006: Parameter 'd' implicitly has an 'any' type.
src/components/ScatterPlot.tsx(62,19): error TS7006: Parameter 'd' implicitly has an 'any' type.
src/components/TotalSalesByYear.tsx(2,21): error TS7016: Could not find a declaration file for module 'd3'. '/root/autodl-tmp/chi26-image2code/samples/glm/tableau_dashboard_refine5_171/node_modules/d3/src/index.js' implicitly has an 'any' type.
  Try `npm i --save-dev @types/d3` if it exists or add a new declaration (.d.ts) file containing `declare module 'd3';`
src/components/TotalSalesByYear.tsx(34,32): error TS7006: Parameter 'd' implicitly has an 'any' type.
src/components/TotalSalesByYear.tsx(57,18): error TS7006: Parameter 'd' implicitly has an 'any' type.
src/components/TotalSalesByYear.tsx(59,18): error TS7006: Parameter 'd' implicitly has an 'any' type.
src/components/TotalSalesByYear.tsx(60,23): error TS7006: Parameter 'd' implicitly has an 'any' type.
src/utils/dataLoader.ts(1,21): error TS7016: Could not find a declaration file for module 'd3'. '/root/autodl-tmp/chi26-image2code/samples/glm/tableau_dashboard_refine5_171/node_modules/d3/src/index.js' implicitly has an 'any' type.
  Try `npm i --save-dev @types/d3` if it exists or add a new declaration (.d.ts) file containing `declare module 'd3';`
"
glm,tableau_dashboard_refine5_177,/root/autodl-tmp/chi26-image2code/samples/glm/tableau_dashboard_refine5_177,error,,,,,"Build failed for /root/autodl-tmp/chi26-image2code/samples/glm/tableau_dashboard_refine5_177:

> tableau_dashboard_refine5_177@0.0.1 build
> tsc -b && vite build

src/App.tsx(2,10): error TS2614: Module '""./components/D3ChartContainer""' has no exported member 'D3ChartContainer'. Did you mean to use 'import D3ChartContainer from ""./components/D3ChartContainer""' instead?
src/App.tsx(3,10): error TS2614: Module '""./components/BarChart""' has no exported member 'BarChart'. Did you mean to use 'import BarChart from ""./components/BarChart""' instead?
src/App.tsx(4,10): error TS2614: Module '""./components/CustomerOverview""' has no exported member 'CustomerOverview'. Did you mean to use 'import CustomerOverview from ""./components/CustomerOverview""' instead?
src/App.tsx(5,10): error TS2614: Module '""./components/ScatterPlot""' has no exported member 'ScatterPlot'. Did you mean to use 'import ScatterPlot from ""./components/ScatterPlot""' instead?
src/App.tsx(6,10): error TS2614: Module '""./components/LineChart""' has no exported member 'LineChart'. Did you mean to use 'import LineChart from ""./components/LineChart""' instead?
src/components/LineChart.tsx(56,18): error TS2345: Argument of type 'Line<{ year: number; sales: number; }>' is not assignable to parameter of type 'string | number | boolean | readonly (string | number)[] | ValueFn<SVGPathElement, [number, number][], string | number | boolean | readonly (string | number)[] | null> | null'.
  Type 'Line<{ year: number; sales: number; }>' is not assignable to type 'ValueFn<SVGPathElement, [number, number][], string | number | boolean | readonly (string | number)[] | null>'.
    Types of parameters 'data' and 'datum' are incompatible.
      Type '[number, number][]' is not assignable to type '{ year: number; sales: number; }[] | Iterable<{ year: number; sales: number; }>'.
        Type '[number, number][]' is not assignable to type '{ year: number; sales: number; }[]'.
          Type '[number, number]' is not assignable to type '{ year: number; sales: number; }'.
"
glm,tableau_dashboard_refine5_182,/root/autodl-tmp/chi26-image2code/samples/glm/tableau_dashboard_refine5_182,error,,,,,"Build failed for /root/autodl-tmp/chi26-image2code/samples/glm/tableau_dashboard_refine5_182:

> tableau_dashboard_refine5_182@0.0.0 build
> tsc -b && vite build

src/charts/DiscountOverview.tsx(3,10): error TS1484: 'D3ChartProps' is a type and must be imported using a type-only import when 'verbatimModuleSyntax' is enabled.
src/charts/DiscountOverview.tsx(3,24): error TS1484: 'RegionDiscountData' is a type and must be imported using a type-only import when 'verbatimModuleSyntax' is enabled.
src/charts/DiscountOverview.tsx(3,24): error TS6133: 'RegionDiscountData' is declared but its value is never read.
src/charts/DiscountOverview.tsx(38,28): error TS2362: The left-hand side of an arithmetic operation must be of type 'any', 'number', 'bigint' or an enum type.
src/charts/LineChart.tsx(3,10): error TS1484: 'D3ChartProps' is a type and must be imported using a type-only import when 'verbatimModuleSyntax' is enabled.
src/charts/LineChart.tsx(3,24): error TS1484: 'YearSalesData' is a type and must be imported using a type-only import when 'verbatimModuleSyntax' is enabled.
src/charts/LineChart.tsx(41,29): error TS2362: The left-hand side of an arithmetic operation must be of type 'any', 'number', 'bigint' or an enum type.
src/charts/LineChart.tsx(64,8): error TS2554: Expected 2 arguments, but got 1.
src/charts/LineChart.tsx(66,21): error TS2769: No overload matches this call.
  Overload 1 of 3, '(format: null): Axis<NumberValue>', gave the following error.
    Argument of type '""""' is not assignable to parameter of type 'null'.
  Overload 2 of 3, '(format: (domainValue: NumberValue, index: number) => string): Axis<NumberValue>', gave the following error.
    Argument of type 'string' is not assignable to parameter of type '(domainValue: NumberValue, index: number) => string'.
src/charts/ScatterPlot.tsx(3,10): error TS1484: 'D3ChartProps' is a type and must be imported using a type-only import when 'verbatimModuleSyntax' is enabled.
src/charts/ScatterPlot.tsx(3,24): error TS1484: 'ScatterPlotData' is a type and must be imported using a type-only import when 'verbatimModuleSyntax' is enabled.
src/charts/ScatterPlot.tsx(49,28): error TS2362: The left-hand side of an arithmetic operation must be of type 'any', 'number', 'bigint' or an enum type.
src/charts/ScatterPlot.tsx(76,8): error TS2554: Expected 2 arguments, but got 1.
src/charts/ScatterPlot.tsx(78,21): error TS2769: No overload matches this call.
  Overload 1 of 3, '(format: null): Axis<NumberValue>', gave the following error.
    Argument of type '""""' is not assignable to parameter of type 'null'.
  Overload 2 of 3, '(format: (domainValue: NumberValue, index: number) => string): Axis<NumberValue>', gave the following error.
    Argument of type 'string' is not assignable to parameter of type '(domainValue: NumberValue, index: number) => string'.
src/charts/ScatterPlot.tsx(84,8): error TS2554: Expected 2 arguments, but got 1.
src/charts/ScatterPlot.tsx(86,21): error TS2769: No overload matches this call.
  Overload 1 of 3, '(format: null): Axis<NumberValue>', gave the following error.
    Argument of type '""""' is not assignable to parameter of type 'null'.
  Overload 2 of 3, '(format: (domainValue: NumberValue, index: number) => string): Axis<NumberValue>', gave the following error.
    Argument of type 'string' is not assignable to parameter of type '(domainValue: NumberValue, index: number) => string'.
src/charts/ScatterPlot.tsx(98,21): error TS2345: Argument of type '(this: SVGCircleElement, d: ScatterPlotData) => unknown' is not assignable to parameter of type 'string | number | boolean | readonly (string | number)[] | ValueFn<SVGCircleElement, ScatterPlotData, string | number | boolean | readonly (string | number)[] | null> | null'.
  Type '(this: SVGCircleElement, d: ScatterPlotData) => unknown' is not assignable to type 'ValueFn<SVGCircleElement, ScatterPlotData, string | number | boolean | readonly (string | number)[] | null>'.
    Type 'unknown' is not assignable to type 'string | number | boolean | readonly (string | number)[] | null'.
src/charts/ScatterPlot.tsx(115,23): error TS2345: Argument of type 'unknown' is not assignable to parameter of type 'string | number | boolean | readonly (string | number)[] | ValueFn<SVGRectElement, unknown, string | number | boolean | readonly (string | number)[] | null> | null'.
src/components/Dashboard.tsx(6,10): error TS1484: 'RegionDiscountData' is a type and must be imported using a type-only import when 'verbatimModuleSyntax' is enabled.
src/components/Dashboard.tsx(6,30): error TS1484: 'YearSalesData' is a type and must be imported using a type-only import when 'verbatimModuleSyntax' is enabled.
src/data/DataService.ts(1,1): error TS6133: 'D3ChartProps' is declared but its value is never read.
src/data/DataService.ts(1,10): error TS1484: 'D3ChartProps' is a type and must be imported using a type-only import when 'verbatimModuleSyntax' is enabled.
src/data/DataService.ts(34,11): error TS6133: 'headers' is declared but its value is never read.
src/data/DataService.ts(77,26): error TS2686: 'd3' refers to a UMD global, but the current file is a module. Consider adding an import instead.
src/data/DataService.ts(80,22): error TS2686: 'd3' refers to a UMD global, but the current file is a module. Consider adding an import instead.
src/data/DataService.ts(81,17): error TS2686: 'd3' refers to a UMD global, but the current file is a module. Consider adding an import instead.
src/data/DataService.ts(85,21): error TS2686: 'd3' refers to a UMD global, but the current file is a module. Consider adding an import instead.
src/data/DataService.ts(91,20): error TS2345: Argument of type 'number' is not assignable to parameter of type 'string'.
src/data/DataService.ts(92,17): error TS2686: 'd3' refers to a UMD global, but the current file is a module. Consider adding an import instead.
src/data/DataService.ts(93,18): error TS2686: 'd3' refers to a UMD global, but the current file is a module. Consider adding an import instead.
"
glm,tableau_dashboard_refine5_184,/root/autodl-tmp/chi26-image2code/samples/glm/tableau_dashboard_refine5_184,error,,,,,"Build failed for /root/autodl-tmp/chi26-image2code/samples/glm/tableau_dashboard_refine5_184:

> tableau_dashboard_refine5_184@0.0.0 build
> tsc -b && vite build

src/App.tsx(2,21): error TS7016: Could not find a declaration file for module 'd3'. '/root/autodl-tmp/chi26-image2code/samples/glm/tableau_dashboard_refine5_184/node_modules/d3/src/index.js' implicitly has an 'any' type.
  Try `npm i --save-dev @types/d3` if it exists or add a new declaration (.d.ts) file containing `declare module 'd3';`
src/App.tsx(60,17): error TS2345: Argument of type '{ Sales: number; Quantity: number; Discount: number; Profit: number; 'Shipping Cost': number; 'Row ID': string; 'Order ID': string; 'Order Date': string; 'Ship Date': string; 'Ship Mode': string; 'Customer ID': string; ... 11 more ...; 'Order Priority': string; }[]' is not assignable to parameter of type 'SetStateAction<DataRow[]>'.
  Type '{ Sales: number; Quantity: number; Discount: number; Profit: number; 'Shipping Cost': number; 'Row ID': string; 'Order ID': string; 'Order Date': string; 'Ship Date': string; 'Ship Mode': string; 'Customer ID': string; ... 11 more ...; 'Order Priority': string; }[]' is not assignable to type 'DataRow[]'.
    Type '{ Sales: number; Quantity: number; Discount: number; Profit: number; 'Shipping Cost': number; 'Row ID': string; 'Order ID': string; 'Order Date': string; 'Ship Date': string; 'Ship Mode': string; 'Customer ID': string; ... 11 more ...; 'Order Priority': string; }' is not assignable to type 'DataRow'.
      Types of property 'Sales' are incompatible.
        Type 'number' is not assignable to type 'string'.
src/App.tsx(75,39): error TS7006: Parameter 'd' implicitly has an 'any' type.
src/App.tsx(79,27): error TS7006: Parameter 'd' implicitly has an 'any' type.
src/App.tsx(80,28): error TS7006: Parameter 'd' implicitly has an 'any' type.
src/App.tsx(81,31): error TS7006: Parameter 'd' implicitly has an 'any' type.
src/App.tsx(82,32): error TS7006: Parameter 'd' implicitly has an 'any' type.
src/App.tsx(134,32): error TS7006: Parameter 'd' implicitly has an 'any' type.
src/App.tsx(138,29): error TS7006: Parameter 'd' implicitly has an 'any' type.
src/App.tsx(138,66): error TS7006: Parameter 'd' implicitly has an 'any' type.
src/App.tsx(154,19): error TS7006: Parameter 'd' implicitly has an 'any' type.
src/App.tsx(155,19): error TS7006: Parameter 'd' implicitly has an 'any' type.
src/App.tsx(207,38): error TS7006: Parameter 'd' implicitly has an 'any' type.
src/App.tsx(223,18): error TS7006: Parameter 'd' implicitly has an 'any' type.
src/App.tsx(226,22): error TS7006: Parameter 'd' implicitly has an 'any' type.
src/App.tsx(265,32): error TS7006: Parameter 'd' implicitly has an 'any' type.
src/App.tsx(274,41): error TS7006: Parameter 'd' implicitly has an 'any' type.
src/App.tsx(281,18): error TS7006: Parameter 'd' implicitly has an 'any' type.
src/App.tsx(284,22): error TS7006: Parameter 'd' implicitly has an 'any' type.
"
glm,tableau_dashboard_refine5_186,/root/autodl-tmp/chi26-image2code/samples/glm/tableau_dashboard_refine5_186,error,,,,,"Build failed for /root/autodl-tmp/chi26-image2code/samples/glm/tableau_dashboard_refine5_186:

> tableau_dashboard_refine5_186@0.0.1 build
> tsc -b && vite build

src/components/D3Chart.tsx(2,21): error TS7016: Could not find a declaration file for module 'd3'. '/root/autodl-tmp/chi26-image2code/samples/glm/tableau_dashboard_refine5_186/node_modules/d3/src/index.js' implicitly has an 'any' type.
  Try `npm i --save-dev @types/d3` if it exists or add a new declaration (.d.ts) file containing `declare module 'd3';`
src/components/HorizontalBarChart.tsx(2,21): error TS7016: Could not find a declaration file for module 'd3'. '/root/autodl-tmp/chi26-image2code/samples/glm/tableau_dashboard_refine5_186/node_modules/d3/src/index.js' implicitly has an 'any' type.
  Try `npm i --save-dev @types/d3` if it exists or add a new declaration (.d.ts) file containing `declare module 'd3';`
src/components/HorizontalBarChart.tsx(52,7): error TS7006: Parameter 'v' implicitly has an 'any' type.
src/components/HorizontalBarChart.tsx(52,22): error TS7006: Parameter 'd' implicitly has an 'any' type.
src/components/HorizontalBarChart.tsx(53,7): error TS7006: Parameter 'd' implicitly has an 'any' type.
src/components/HorizontalBarChart.tsx(61,37): error TS7006: Parameter 'd' implicitly has an 'any' type.
src/components/HorizontalBarChart.tsx(90,18): error TS7006: Parameter 'd' implicitly has an 'any' type.
src/components/HorizontalBarChart.tsx(91,22): error TS7006: Parameter 'd' implicitly has an 'any' type.
src/components/HorizontalBarChart.tsx(94,33): error TS6133: 'event' is declared but its value is never read.
src/components/HorizontalBarChart.tsx(94,33): error TS7006: Parameter 'event' implicitly has an 'any' type.
src/components/HorizontalBarChart.tsx(94,40): error TS6133: 'd' is declared but its value is never read.
src/components/HorizontalBarChart.tsx(94,40): error TS7006: Parameter 'd' implicitly has an 'any' type.
src/components/HorizontalBarChart.tsx(95,19): error TS2683: 'this' implicitly has type 'any' because it does not have a type annotation.
src/components/HorizontalBarChart.tsx(98,32): error TS6133: 'event' is declared but its value is never read.
src/components/HorizontalBarChart.tsx(98,32): error TS7006: Parameter 'event' implicitly has an 'any' type.
src/components/HorizontalBarChart.tsx(98,39): error TS6133: 'd' is declared but its value is never read.
src/components/HorizontalBarChart.tsx(98,39): error TS7006: Parameter 'd' implicitly has an 'any' type.
src/components/HorizontalBarChart.tsx(99,19): error TS2683: 'this' implicitly has type 'any' because it does not have a type annotation.
src/components/HorizontalBarChart.tsx(109,18): error TS7006: Parameter 'd' implicitly has an 'any' type.
src/components/HorizontalBarChart.tsx(110,18): error TS7006: Parameter 'd' implicitly has an 'any' type.
src/components/HorizontalBarChart.tsx(112,13): error TS7006: Parameter 'd' implicitly has an 'any' type.
src/components/HorizontalBarChart.tsx(119,6): error TS2741: Property 'data' is missing in type '{ title: string | undefined; }' but required in type 'D3ChartProps'.
src/components/LineChart.tsx(2,21): error TS7016: Could not find a declaration file for module 'd3'. '/root/autodl-tmp/chi26-image2code/samples/glm/tableau_dashboard_refine5_186/node_modules/d3/src/index.js' implicitly has an 'any' type.
  Try `npm i --save-dev @types/d3` if it exists or add a new declaration (.d.ts) file containing `declare module 'd3';`
src/components/LineChart.tsx(52,7): error TS7006: Parameter 'v' implicitly has an 'any' type.
src/components/LineChart.tsx(52,22): error TS7006: Parameter 'd' implicitly has an 'any' type.
src/components/LineChart.tsx(53,7): error TS7006: Parameter 'd' implicitly has an 'any' type.
src/components/LineChart.tsx(66,37): error TS7006: Parameter 'd' implicitly has an 'any' type.
src/components/LineChart.tsx(100,10): error TS7006: Parameter 'd' implicitly has an 'any' type.
src/components/LineChart.tsx(101,10): error TS7006: Parameter 'd' implicitly has an 'any' type.
src/components/LineChart.tsx(116,19): error TS7006: Parameter 'd' implicitly has an 'any' type.
src/components/LineChart.tsx(117,19): error TS7006: Parameter 'd' implicitly has an 'any' type.
src/components/LineChart.tsx(120,33): error TS6133: 'event' is declared but its value is never read.
src/components/LineChart.tsx(120,33): error TS7006: Parameter 'event' implicitly has an 'any' type.
src/components/LineChart.tsx(120,40): error TS6133: 'd' is declared but its value is never read.
src/components/LineChart.tsx(120,40): error TS7006: Parameter 'd' implicitly has an 'any' type.
src/components/LineChart.tsx(121,19): error TS2683: 'this' implicitly has type 'any' because it does not have a type annotation.
src/components/LineChart.tsx(125,32): error TS6133: 'event' is declared but its value is never read.
src/components/LineChart.tsx(125,32): error TS7006: Parameter 'event' implicitly has an 'any' type.
src/components/LineChart.tsx(125,39): error TS6133: 'd' is declared but its value is never read.
src/components/LineChart.tsx(125,39): error TS7006: Parameter 'd' implicitly has an 'any' type.
src/components/LineChart.tsx(126,19): error TS2683: 'this' implicitly has type 'any' because it does not have a type annotation.
src/components/LineChart.tsx(134,6): error TS2741: Property 'data' is missing in type '{ title: string | undefined; }' but required in type 'D3ChartProps'.
src/components/ScatterPlot.tsx(2,21): error TS7016: Could not find a declaration file for module 'd3'. '/root/autodl-tmp/chi26-image2code/samples/glm/tableau_dashboard_refine5_186/node_modules/d3/src/index.js' implicitly has an 'any' type.
  Try `npm i --save-dev @types/d3` if it exists or add a new declaration (.d.ts) file containing `declare module 'd3';`
src/components/ScatterPlot.tsx(57,37): error TS7006: Parameter 'd' implicitly has an 'any' type.
src/components/ScatterPlot.tsx(57,80): error TS7006: Parameter 'd' implicitly has an 'any' type.
src/components/ScatterPlot.tsx(61,37): error TS7006: Parameter 'd' implicitly has an 'any' type.
src/components/ScatterPlot.tsx(61,80): error TS7006: Parameter 'd' implicitly has an 'any' type.
src/components/ScatterPlot.tsx(100,19): error TS7006: Parameter 'd' implicitly has an 'any' type.
src/components/ScatterPlot.tsx(101,19): error TS7006: Parameter 'd' implicitly has an 'any' type.
src/components/ScatterPlot.tsx(105,33): error TS6133: 'event' is declared but its value is never read.
src/components/ScatterPlot.tsx(105,33): error TS7006: Parameter 'event' implicitly has an 'any' type.
src/components/ScatterPlot.tsx(105,40): error TS6133: 'd' is declared but its value is never read.
src/components/ScatterPlot.tsx(105,40): error TS7006: Parameter 'd' implicitly has an 'any' type.
src/components/ScatterPlot.tsx(106,19): error TS2683: 'this' implicitly has type 'any' because it does not have a type annotation.
src/components/ScatterPlot.tsx(110,32): error TS6133: 'event' is declared but its value is never read.
src/components/ScatterPlot.tsx(110,32): error TS7006: Parameter 'event' implicitly has an 'any' type.
src/components/ScatterPlot.tsx(110,39): error TS6133: 'd' is declared but its value is never read.
src/components/ScatterPlot.tsx(110,39): error TS7006: Parameter 'd' implicitly has an 'any' type.
src/components/ScatterPlot.tsx(111,19): error TS2683: 'this' implicitly has type 'any' because it does not have a type annotation.
src/components/ScatterPlot.tsx(119,6): error TS2741: Property 'data' is missing in type '{ title: string | undefined; }' but required in type 'D3ChartProps'.
src/utils/dataLoader.ts(1,1): error TS6192: All imports in import declaration are unused.
"
glm,tableau_dashboard_refine5_190,/root/autodl-tmp/chi26-image2code/samples/glm/tableau_dashboard_refine5_190,error,,,,,"Build failed for /root/autodl-tmp/chi26-image2code/samples/glm/tableau_dashboard_refine5_190:

> tableau_dashboard_refine5_190@0.0.0 build
> tsc -b && vite build

src/App.tsx(60,8): error TS2339: Property 'sort' does not exist on type 'MapIterator<[string, DataRecord[]]>'.
src/App.tsx(60,14): error TS7006: Parameter 'a' implicitly has an 'any' type.
src/App.tsx(60,17): error TS7006: Parameter 'b' implicitly has an 'any' type.
src/App.tsx(60,41): error TS18046: 'd' is of type 'unknown'.
src/App.tsx(60,70): error TS18046: 'd' is of type 'unknown'.
src/App.tsx(69,18): error TS18046: 'd' is of type 'unknown'.
src/App.tsx(72,18): error TS18046: 'd' is of type 'unknown'.
src/App.tsx(75,18): error TS18046: 'd' is of type 'unknown'.
src/App.tsx(78,47): error TS18046: 'd' is of type 'unknown'.
src/App.tsx(78,58): error TS18046: 'r' is of type 'unknown'.
src/App.tsx(81,47): error TS18046: 'd' is of type 'unknown'.
src/App.tsx(81,58): error TS18046: 'r' is of type 'unknown'.
src/App.tsx(110,15): error TS2345: Argument of type '(number | undefined)[]' is not assignable to parameter of type 'Iterable<NumberValue>'.
  The types returned by '[Symbol.iterator]().next(...)' are incompatible between these types.
    Type 'IteratorResult<number | undefined, undefined>' is not assignable to type 'IteratorResult<NumberValue, any>'.
      Type 'IteratorYieldResult<number | undefined>' is not assignable to type 'IteratorResult<NumberValue, any>'.
        Type 'IteratorYieldResult<number | undefined>' is not assignable to type 'IteratorYieldResult<NumberValue>'.
          Type 'number | undefined' is not assignable to type 'NumberValue'.
            Type 'undefined' is not assignable to type 'NumberValue'.
src/App.tsx(114,15): error TS2345: Argument of type '(number | undefined)[]' is not assignable to parameter of type 'Iterable<NumberValue>'.
  The types returned by '[Symbol.iterator]().next(...)' are incompatible between these types.
    Type 'IteratorResult<number | undefined, undefined>' is not assignable to type 'IteratorResult<NumberValue, any>'.
      Type 'IteratorYieldResult<number | undefined>' is not assignable to type 'IteratorResult<NumberValue, any>'.
        Type 'IteratorYieldResult<number | undefined>' is not assignable to type 'IteratorYieldResult<NumberValue>'.
          Type 'number | undefined' is not assignable to type 'NumberValue'.
            Type 'undefined' is not assignable to type 'NumberValue'.
src/App.tsx(191,15): error TS2345: Argument of type '(number | undefined)[]' is not assignable to parameter of type 'Iterable<NumberValue>'.
  The types returned by '[Symbol.iterator]().next(...)' are incompatible between these types.
    Type 'IteratorResult<number | undefined, undefined>' is not assignable to type 'IteratorResult<NumberValue, any>'.
      Type 'IteratorYieldResult<number | undefined>' is not assignable to type 'IteratorResult<NumberValue, any>'.
        Type 'IteratorYieldResult<number | undefined>' is not assignable to type 'IteratorYieldResult<NumberValue>'.
          Type 'number | undefined' is not assignable to type 'NumberValue'.
            Type 'undefined' is not assignable to type 'NumberValue'.
"
glm,tableau_dashboard_refine5_196,/root/autodl-tmp/chi26-image2code/samples/glm/tableau_dashboard_refine5_196,error,,,,,"Build failed for /root/autodl-tmp/chi26-image2code/samples/glm/tableau_dashboard_refine5_196:

> tableau_dashboard_refine5_196@0.0.0 build
> tsc -b && vite build

tsconfig.json(25,18): error TS6306: Referenced project '/root/autodl-tmp/chi26-image2code/samples/glm/tableau_dashboard_refine5_196/tsconfig.node.json' must have setting ""composite"": true.
tsconfig.json(25,18): error TS6310: Referenced project '/root/autodl-tmp/chi26-image2code/samples/glm/tableau_dashboard_refine5_196/tsconfig.node.json' may not disable emit.
"
glm,tableau_dashboard_refine5_201,/root/autodl-tmp/chi26-image2code/samples/glm/tableau_dashboard_refine5_201,error,,,,,"Build failed for /root/autodl-tmp/chi26-image2code/samples/glm/tableau_dashboard_refine5_201:

> tableau_dashboard_refine5_201@0.0.0 build
> tsc -b && vite build

src/App.tsx(2,10): error TS2614: Module '""./components/D3Chart""' has no exported member 'D3Chart'. Did you mean to use 'import D3Chart from ""./components/D3Chart""' instead?
src/components/D3Chart.tsx(2,21): error TS7016: Could not find a declaration file for module 'd3'. '/root/autodl-tmp/chi26-image2code/samples/glm/tableau_dashboard_refine5_201/node_modules/d3/src/index.js' implicitly has an 'any' type.
  Try `npm i --save-dev @types/d3` if it exists or add a new declaration (.d.ts) file containing `declare module 'd3';`
src/components/D3Chart.tsx(56,34): error TS7006: Parameter 'd' implicitly has an 'any' type.
src/components/D3Chart.tsx(75,20): error TS7006: Parameter 'd' implicitly has an 'any' type.
src/components/D3Chart.tsx(78,24): error TS7006: Parameter 'd' implicitly has an 'any' type.
src/components/D3Chart.tsx(86,20): error TS7006: Parameter 'd' implicitly has an 'any' type.
src/components/D3Chart.tsx(87,20): error TS7006: Parameter 'd' implicitly has an 'any' type.
src/components/D3Chart.tsx(89,15): error TS7006: Parameter 'd' implicitly has an 'any' type.
src/components/D3Chart.tsx(100,34): error TS7006: Parameter 'd' implicitly has an 'any' type.
src/components/D3Chart.tsx(111,12): error TS7006: Parameter 'd' implicitly has an 'any' type.
src/components/D3Chart.tsx(112,12): error TS7006: Parameter 'd' implicitly has an 'any' type.
src/components/D3Chart.tsx(126,21): error TS7006: Parameter 'd' implicitly has an 'any' type.
src/components/D3Chart.tsx(127,21): error TS7006: Parameter 'd' implicitly has an 'any' type.
src/components/D3Chart.tsx(135,34): error TS7006: Parameter 'd' implicitly has an 'any' type.
src/components/D3Chart.tsx(139,31): error TS7006: Parameter 'd' implicitly has an 'any' type.
src/components/D3Chart.tsx(139,64): error TS7006: Parameter 'd' implicitly has an 'any' type.
src/components/D3Chart.tsx(150,45): error TS2538: Type 'undefined' cannot be used as an index type.
src/components/D3Chart.tsx(157,21): error TS7006: Parameter 'd' implicitly has an 'any' type.
src/components/D3Chart.tsx(158,21): error TS7006: Parameter 'd' implicitly has an 'any' type.
src/components/D3Chart.tsx(160,23): error TS7006: Parameter 'd' implicitly has an 'any' type.
src/components/D3Chart.tsx(160,36): error TS2538: Type 'undefined' cannot be used as an index type.
src/utils/CSVLoader.ts(26,13): error TS2322: Type 'number' is not assignable to type 'string'.
"
glm,tableau_dashboard_refine5_204,/root/autodl-tmp/chi26-image2code/samples/glm/tableau_dashboard_refine5_204,error,,,,,"Build failed for /root/autodl-tmp/chi26-image2code/samples/glm/tableau_dashboard_refine5_204:

> tableau_dashboard_refine5_204@0.0.0 build
> tsc -b && vite build

src/App.tsx(2,1): error TS6133: 'csv' is declared but its value is never read.
src/App.tsx(4,15): error TS6133: 'min' is declared but its value is never read.
src/App.tsx(4,28): error TS6133: 'sum' is declared but its value is never read.
src/App.tsx(33,11): error TS6196: 'SalesBySubCategory' is declared but never used.
src/App.tsx(38,11): error TS6196: 'SalesByYear' is declared but never used.
src/App.tsx(43,11): error TS6196: 'BarChartData' is declared but never used.
src/App.tsx(48,11): error TS6196: 'ScatterPlotData' is declared but never used.
src/App.tsx(64,28): error TS2304: Cannot find name 'd3'.
src/App.tsx(75,17): error TS2345: Argument of type '{ Sales: number; Quantity: number; Discount: number; Profit: number; 'Row ID': string; 'Order ID': string; 'Order Date': string; 'Ship Date': string; 'Ship Mode': string; 'Customer ID': string; 'Customer Name': string; ... 9 more ...; 'Product Name': string; }[]' is not assignable to parameter of type 'SetStateAction<DataPoint[]>'.
  Type '{ Sales: number; Quantity: number; Discount: number; Profit: number; 'Row ID': string; 'Order ID': string; 'Order Date': string; 'Ship Date': string; 'Ship Mode': string; 'Customer ID': string; 'Customer Name': string; ... 9 more ...; 'Product Name': string; }[]' is not assignable to type 'DataPoint[]'.
    Type '{ Sales: number; Quantity: number; Discount: number; Profit: number; 'Row ID': string; 'Order ID': string; 'Order Date': string; 'Ship Date': string; 'Ship Mode': string; 'Customer ID': string; 'Customer Name': string; ... 9 more ...; 'Product Name': string; }' is not assignable to type 'DataPoint'.
      Types of property 'Sales' are incompatible.
        Type 'number' is not assignable to type 'string'.
src/App.tsx(92,7): error TS2322: Type 'string' is not assignable to type 'number'.
src/App.tsx(107,7): error TS2322: Type 'string' is not assignable to type 'number'.
src/App.tsx(122,7): error TS2322: Type 'string' is not assignable to type 'number'.
src/App.tsx(142,7): error TS2322: Type 'string' is not assignable to type 'number'.
src/App.tsx(143,7): error TS2322: Type 'string' is not assignable to type 'number'.
src/App.tsx(226,27): error TS6133: 'title' is declared but its value is never read.
src/App.tsx(311,27): error TS6133: 'title' is declared but its value is never read.
src/App.tsx(329,15): error TS2345: Argument of type '[undefined, undefined] | [any, any]' is not assignable to parameter of type 'Iterable<NumberValue>'.
  Type '[undefined, undefined]' is not assignable to type 'Iterable<NumberValue>'.
    The types returned by '[Symbol.iterator]().next(...)' are incompatible between these types.
      Type 'IteratorResult<undefined, undefined>' is not assignable to type 'IteratorResult<NumberValue, any>'.
        Type 'IteratorYieldResult<undefined>' is not assignable to type 'IteratorResult<NumberValue, any>'.
          Type 'IteratorYieldResult<undefined>' is not assignable to type 'IteratorYieldResult<NumberValue>'.
            Type 'undefined' is not assignable to type 'NumberValue'.
src/App.tsx(344,14): error TS2304: Cannot find name 'd3'.
src/App.tsx(397,37): error TS6133: 'title' is declared but its value is never read.
src/App.tsx(415,15): error TS2345: Argument of type '[undefined, undefined] | [any, any]' is not assignable to parameter of type 'Iterable<NumberValue>'.
  Type '[undefined, undefined]' is not assignable to type 'Iterable<NumberValue>'.
    The types returned by '[Symbol.iterator]().next(...)' are incompatible between these types.
      Type 'IteratorResult<undefined, undefined>' is not assignable to type 'IteratorResult<NumberValue, any>'.
        Type 'IteratorYieldResult<undefined>' is not assignable to type 'IteratorResult<NumberValue, any>'.
          Type 'IteratorYieldResult<undefined>' is not assignable to type 'IteratorYieldResult<NumberValue>'.
            Type 'undefined' is not assignable to type 'NumberValue'.
src/App.tsx(419,15): error TS2345: Argument of type '[undefined, undefined] | [any, any]' is not assignable to parameter of type 'Iterable<NumberValue>'.
  Type '[undefined, undefined]' is not assignable to type 'Iterable<NumberValue>'.
    The types returned by '[Symbol.iterator]().next(...)' are incompatible between these types.
      Type 'IteratorResult<undefined, undefined>' is not assignable to type 'IteratorResult<NumberValue, any>'.
        Type 'IteratorYieldResult<undefined>' is not assignable to type 'IteratorResult<NumberValue, any>'.
          Type 'IteratorYieldResult<undefined>' is not assignable to type 'IteratorYieldResult<NumberValue>'.
            Type 'undefined' is not assignable to type 'NumberValue'.
src/App.tsx(435,22): error TS6133: 'd' is declared but its value is never read.
"
glm,tableau_dashboard_refine5_206,/root/autodl-tmp/chi26-image2code/samples/glm/tableau_dashboard_refine5_206,error,,,,,"Build failed for /root/autodl-tmp/chi26-image2code/samples/glm/tableau_dashboard_refine5_206:

> tableau_dashboard_refine5_206@0.0.0 build
> tsc -b && vite build

src/App.tsx(1,17): error TS6133: 'useState' is declared but its value is never read.
src/App.tsx(1,27): error TS6133: 'useEffect' is declared but its value is never read.
src/components/D3ChartContainer.tsx(2,1): error TS6133: 'd3' is declared but its value is never read.
src/components/D3ChartContainer.tsx(2,21): error TS7016: Could not find a declaration file for module 'd3'. '/root/autodl-tmp/chi26-image2code/samples/glm/tableau_dashboard_refine5_206/node_modules/d3/src/index.js' implicitly has an 'any' type.
  Try `npm i --save-dev @types/d3` if it exists or add a new declaration (.d.ts) file containing `declare module 'd3';`
src/components/HorizontalBarChart.tsx(2,21): error TS7016: Could not find a declaration file for module 'd3'. '/root/autodl-tmp/chi26-image2code/samples/glm/tableau_dashboard_refine5_206/node_modules/d3/src/index.js' implicitly has an 'any' type.
  Try `npm i --save-dev @types/d3` if it exists or add a new declaration (.d.ts) file containing `declare module 'd3';`
src/components/HorizontalBarChart.tsx(52,41): error TS7006: Parameter 'd' implicitly has an 'any' type.
src/components/HorizontalBarChart.tsx(67,18): error TS7006: Parameter 'd' implicitly has an 'any' type.
src/components/HorizontalBarChart.tsx(68,22): error TS7006: Parameter 'd' implicitly has an 'any' type.
src/components/LineChart.tsx(2,21): error TS7016: Could not find a declaration file for module 'd3'. '/root/autodl-tmp/chi26-image2code/samples/glm/tableau_dashboard_refine5_206/node_modules/d3/src/index.js' implicitly has an 'any' type.
  Try `npm i --save-dev @types/d3` if it exists or add a new declaration (.d.ts) file containing `declare module 'd3';`
src/components/LineChart.tsx(48,40): error TS7006: Parameter 'd' implicitly has an 'any' type.
src/components/LineChart.tsx(52,41): error TS7006: Parameter 'd' implicitly has an 'any' type.
src/components/LineChart.tsx(57,10): error TS7006: Parameter 'd' implicitly has an 'any' type.
src/components/LineChart.tsx(58,10): error TS7006: Parameter 'd' implicitly has an 'any' type.
src/components/ScatterPlot.tsx(2,21): error TS7016: Could not find a declaration file for module 'd3'. '/root/autodl-tmp/chi26-image2code/samples/glm/tableau_dashboard_refine5_206/node_modules/d3/src/index.js' implicitly has an 'any' type.
  Try `npm i --save-dev @types/d3` if it exists or add a new declaration (.d.ts) file containing `declare module 'd3';`
src/components/ScatterPlot.tsx(50,41): error TS7006: Parameter 'd' implicitly has an 'any' type.
src/components/ScatterPlot.tsx(54,41): error TS7006: Parameter 'd' implicitly has an 'any' type.
src/components/ScatterPlot.tsx(63,19): error TS7006: Parameter 'd' implicitly has an 'any' type.
src/components/ScatterPlot.tsx(64,19): error TS7006: Parameter 'd' implicitly has an 'any' type.
src/services/DataService.ts(86,15): error TS2345: Argument of type '{ Sales: number; Quantity: number; Discount: number; Profit: number; 'Shipping Cost': number; 'Row ID': string; 'Order ID': string; 'Order Date': string; 'Ship Date': string; 'Ship Mode': string; 'Customer ID': string; ... 11 more ...; 'Order Priority': string; }[]' is not assignable to parameter of type 'SetStateAction<DataRow[]>'.
  Type '{ Sales: number; Quantity: number; Discount: number; Profit: number; 'Shipping Cost': number; 'Row ID': string; 'Order ID': string; 'Order Date': string; 'Ship Date': string; 'Ship Mode': string; 'Customer ID': string; ... 11 more ...; 'Order Priority': string; }[]' is not assignable to type 'DataRow[]'.
    Type '{ Sales: number; Quantity: number; Discount: number; Profit: number; 'Shipping Cost': number; 'Row ID': string; 'Order ID': string; 'Order Date': string; 'Ship Date': string; 'Ship Mode': string; 'Customer ID': string; ... 11 more ...; 'Order Priority': string; }' is not assignable to type 'DataRow'.
      Types of property 'Sales' are incompatible.
        Type 'number' is not assignable to type 'string'.
"
glm,tableau_dashboard_refine5_216,/root/autodl-tmp/chi26-image2code/samples/glm/tableau_dashboard_refine5_216,error,,,,,"Build failed for /root/autodl-tmp/chi26-image2code/samples/glm/tableau_dashboard_refine5_216:

> tableau_dashboard_refine5_216@0.0.0 build
> tsc -b && vite build

src/App.tsx(6,10): error TS6133: 'count' is declared but its value is never read.
src/App.tsx(6,17): error TS6133: 'setCount' is declared but its value is never read.
src/components/CustomerOverview.tsx(2,21): error TS7016: Could not find a declaration file for module 'd3'. '/root/autodl-tmp/chi26-image2code/samples/glm/tableau_dashboard_refine5_216/node_modules/d3/src/index.js' implicitly has an 'any' type.
  Try `npm i --save-dev @types/d3` if it exists or add a new declaration (.d.ts) file containing `declare module 'd3';`
src/components/CustomerOverview.tsx(3,10): error TS1484: 'DataPoint' is a type and must be imported using a type-only import when 'verbatimModuleSyntax' is enabled.
src/components/CustomerOverview.tsx(21,7): error TS7006: Parameter 'v' implicitly has an 'any' type.
src/components/CustomerOverview.tsx(22,31): error TS7006: Parameter 'd' implicitly has an 'any' type.
src/components/CustomerOverview.tsx(24,39): error TS7006: Parameter 'd' implicitly has an 'any' type.
src/components/CustomerOverview.tsx(26,7): error TS7006: Parameter 'd' implicitly has an 'any' type.
src/components/CustomerOverview.tsx(30,13): error TS2345: Argument of type '([, a]: [any, any], [, b]: [any, any]) => number' is not assignable to parameter of type '(a: unknown, b: unknown) => number'.
  Types of parameters '__0' and 'a' are incompatible.
    Type 'unknown' is not assignable to type '[any, any]'.
src/components/CustomerOverview.tsx(35,11): error TS6133: 'margin' is declared but its value is never read.
src/components/CustomerOverview.tsx(51,13): error TS7006: Parameter 'd' implicitly has an 'any' type.
src/components/CustomerOverview.tsx(59,13): error TS7006: Parameter 'd' implicitly has an 'any' type.
src/components/CustomerOverview.tsx(66,13): error TS7006: Parameter 'd' implicitly has an 'any' type.
src/components/Dashboard.tsx(2,21): error TS7016: Could not find a declaration file for module 'd3'. '/root/autodl-tmp/chi26-image2code/samples/glm/tableau_dashboard_refine5_216/node_modules/d3/src/index.js' implicitly has an 'any' type.
  Try `npm i --save-dev @types/d3` if it exists or add a new declaration (.d.ts) file containing `declare module 'd3';`
src/components/Dashboard.tsx(7,10): error TS1484: 'DataPoint' is a type and must be imported using a type-only import when 'verbatimModuleSyntax' is enabled.
src/components/HorizontalBarChart.tsx(2,21): error TS7016: Could not find a declaration file for module 'd3'. '/root/autodl-tmp/chi26-image2code/samples/glm/tableau_dashboard_refine5_216/node_modules/d3/src/index.js' implicitly has an 'any' type.
  Try `npm i --save-dev @types/d3` if it exists or add a new declaration (.d.ts) file containing `declare module 'd3';`
src/components/HorizontalBarChart.tsx(3,10): error TS1484: 'DataPoint' is a type and must be imported using a type-only import when 'verbatimModuleSyntax' is enabled.
src/components/HorizontalBarChart.tsx(21,7): error TS7006: Parameter 'v' implicitly has an 'any' type.
src/components/HorizontalBarChart.tsx(21,22): error TS7006: Parameter 'd' implicitly has an 'any' type.
src/components/HorizontalBarChart.tsx(22,7): error TS7006: Parameter 'd' implicitly has an 'any' type.
src/components/HorizontalBarChart.tsx(26,13): error TS2345: Argument of type '([, a]: [any, any], [, b]: [any, any]) => number' is not assignable to parameter of type '(a: unknown, b: unknown) => number'.
  Types of parameters '__0' and 'a' are incompatible.
    Type 'unknown' is not assignable to type '[any, any]'.
src/components/HorizontalBarChart.tsx(41,35): error TS18046: 'd' is of type 'unknown'.
src/components/HorizontalBarChart.tsx(46,38): error TS7006: Parameter 'd' implicitly has an 'any' type.
src/components/HorizontalBarChart.tsx(63,18): error TS7006: Parameter 'd' implicitly has an 'any' type.
src/components/HorizontalBarChart.tsx(66,22): error TS7006: Parameter 'd' implicitly has an 'any' type.
src/components/HorizontalBarChart.tsx(74,18): error TS7006: Parameter 'd' implicitly has an 'any' type.
src/components/HorizontalBarChart.tsx(75,18): error TS7006: Parameter 'd' implicitly has an 'any' type.
src/components/HorizontalBarChart.tsx(77,13): error TS7006: Parameter 'd' implicitly has an 'any' type.
src/components/ScatterPlot.tsx(2,21): error TS7016: Could not find a declaration file for module 'd3'. '/root/autodl-tmp/chi26-image2code/samples/glm/tableau_dashboard_refine5_216/node_modules/d3/src/index.js' implicitly has an 'any' type.
  Try `npm i --save-dev @types/d3` if it exists or add a new declaration (.d.ts) file containing `declare module 'd3';`
src/components/ScatterPlot.tsx(3,10): error TS1484: 'DataPoint' is a type and must be imported using a type-only import when 'verbatimModuleSyntax' is enabled.
src/components/ScatterPlot.tsx(37,39): error TS7006: Parameter 'd' implicitly has an 'any' type.
src/components/ScatterPlot.tsx(41,36): error TS7006: Parameter 'd' implicitly has an 'any' type.
src/components/ScatterPlot.tsx(41,72): error TS7006: Parameter 'd' implicitly has an 'any' type.
src/components/ScatterPlot.tsx(73,19): error TS7006: Parameter 'd' implicitly has an 'any' type.
src/components/ScatterPlot.tsx(74,19): error TS7006: Parameter 'd' implicitly has an 'any' type.
src/components/TotalSalesLineChart.tsx(2,21): error TS7016: Could not find a declaration file for module 'd3'. '/root/autodl-tmp/chi26-image2code/samples/glm/tableau_dashboard_refine5_216/node_modules/d3/src/index.js' implicitly has an 'any' type.
  Try `npm i --save-dev @types/d3` if it exists or add a new declaration (.d.ts) file containing `declare module 'd3';`
src/components/TotalSalesLineChart.tsx(3,10): error TS1484: 'DataPoint' is a type and must be imported using a type-only import when 'verbatimModuleSyntax' is enabled.
src/components/TotalSalesLineChart.tsx(21,7): error TS7006: Parameter 'v' implicitly has an 'any' type.
src/components/TotalSalesLineChart.tsx(21,22): error TS7006: Parameter 'd' implicitly has an 'any' type.
src/components/TotalSalesLineChart.tsx(22,7): error TS7006: Parameter 'd' implicitly has an 'any' type.
src/components/TotalSalesLineChart.tsx(26,13): error TS2345: Argument of type '([a]: [any], [b]: [any]) => number' is not assignable to parameter of type '(a: unknown, b: unknown) => number'.
  Types of parameters '__0' and 'a' are incompatible.
    Type 'unknown' is not assignable to type '[any]'.
src/components/TotalSalesLineChart.tsx(27,12): error TS2345: Argument of type '([year, sales]: [any, any]) => { year: any; sales: any; }' is not assignable to parameter of type '(value: unknown, index: number, array: unknown[]) => { year: any; sales: any; }'.
  Types of parameters '__0' and 'value' are incompatible.
    Type 'unknown' is not assignable to type '[any, any]'.
src/components/TotalSalesLineChart.tsx(40,37): error TS7006: Parameter 'd' implicitly has an 'any' type.
src/components/TotalSalesLineChart.tsx(44,38): error TS7006: Parameter 'd' implicitly has an 'any' type.
src/components/TotalSalesLineChart.tsx(58,10): error TS7006: Parameter 'd' implicitly has an 'any' type.
src/components/TotalSalesLineChart.tsx(59,10): error TS7006: Parameter 'd' implicitly has an 'any' type.
src/components/TotalSalesLineChart.tsx(73,19): error TS7006: Parameter 'd' implicitly has an 'any' type.
src/components/TotalSalesLineChart.tsx(74,19): error TS7006: Parameter 'd' implicitly has an 'any' type.
"
glm,tableau_dashboard_refine5_225,/root/autodl-tmp/chi26-image2code/samples/glm/tableau_dashboard_refine5_225,error,,,,,"Build failed for /root/autodl-tmp/chi26-image2code/samples/glm/tableau_dashboard_refine5_225:

> tableau_dashboard_refine5_225@0.0.0 build
> tsc -b && vite build

src/App.tsx(1,38): error TS6133: 'useMemo' is declared but its value is never read.
src/App.tsx(2,21): error TS7016: Could not find a declaration file for module 'd3'. '/root/autodl-tmp/chi26-image2code/samples/glm/tableau_dashboard_refine5_225/node_modules/d3/src/index.js' implicitly has an 'any' type.
  Try `npm i --save-dev @types/d3` if it exists or add a new declaration (.d.ts) file containing `declare module 'd3';`
src/App.tsx(87,13): error TS6133: 'd' is declared but its value is never read.
src/App.tsx(87,13): error TS7006: Parameter 'd' implicitly has an 'any' type.
src/App.tsx(87,16): error TS7006: Parameter 'i' implicitly has an 'any' type.
src/App.tsx(88,12): error TS7006: Parameter 'd' implicitly has an 'any' type.
src/App.tsx(95,20): error TS6133: 'd' is declared but its value is never read.
src/App.tsx(95,20): error TS7006: Parameter 'd' implicitly has an 'any' type.
src/App.tsx(95,23): error TS7006: Parameter 'i' implicitly has an 'any' type.
src/App.tsx(96,19): error TS7006: Parameter 'd' implicitly has an 'any' type.
src/App.tsx(134,38): error TS7006: Parameter 'd' implicitly has an 'any' type.
src/App.tsx(138,38): error TS7006: Parameter 'd' implicitly has an 'any' type.
src/App.tsx(152,19): error TS7006: Parameter 'd' implicitly has an 'any' type.
src/App.tsx(153,19): error TS7006: Parameter 'd' implicitly has an 'any' type.
src/App.tsx(217,13): error TS6133: 'd' is declared but its value is never read.
src/App.tsx(217,13): error TS7006: Parameter 'd' implicitly has an 'any' type.
src/App.tsx(217,16): error TS7006: Parameter 'i' implicitly has an 'any' type.
src/App.tsx(218,12): error TS7006: Parameter 'd' implicitly has an 'any' type.
src/App.tsx(225,20): error TS6133: 'd' is declared but its value is never read.
src/App.tsx(225,20): error TS7006: Parameter 'd' implicitly has an 'any' type.
src/App.tsx(225,23): error TS7006: Parameter 'i' implicitly has an 'any' type.
src/App.tsx(226,19): error TS7006: Parameter 'd' implicitly has an 'any' type.
src/App.tsx(286,18): error TS7006: Parameter 'd' implicitly has an 'any' type.
src/App.tsx(287,22): error TS7006: Parameter 'd' implicitly has an 'any' type.
"
glm,tableau_dashboard_refine5_391,/root/autodl-tmp/chi26-image2code/samples/glm/tableau_dashboard_refine5_391,error,,,,,"Build failed for /root/autodl-tmp/chi26-image2code/samples/glm/tableau_dashboard_refine5_391:

> tableau_dashboard_refine5_391@0.0.0 build
> tsc -b && vite build

src/App.tsx(2,1): error TS6133: 'D3Chart' is declared but its value is never read.
src/App.tsx(2,10): error TS2614: Module '""./components/D3Chart""' has no exported member 'D3Chart'. Did you mean to use 'import D3Chart from ""./components/D3Chart""' instead?
src/App.tsx(3,10): error TS2614: Module '""./components/TotalSalesByYearChart""' has no exported member 'TotalSalesByYearChart'. Did you mean to use 'import TotalSalesByYearChart from ""./components/TotalSalesByYearChart""' instead?
src/App.tsx(4,10): error TS2614: Module '""./components/SalesBySubCategoryChart""' has no exported member 'SalesBySubCategoryChart'. Did you mean to use 'import SalesBySubCategoryChart from ""./components/SalesBySubCategoryChart""' instead?
src/App.tsx(5,10): error TS2614: Module '""./components/ScatterPlotChart""' has no exported member 'ScatterPlotChart'. Did you mean to use 'import ScatterPlotChart from ""./components/ScatterPlotChart""' instead?
src/App.tsx(6,10): error TS2614: Module '""./components/LineChart""' has no exported member 'LineChart'. Did you mean to use 'import LineChart from ""./components/LineChart""' instead?
src/App.tsx(7,10): error TS2614: Module '""./components/DashboardLayout""' has no exported member 'DashboardLayout'. Did you mean to use 'import DashboardLayout from ""./components/DashboardLayout""' instead?
src/App.tsx(34,17): error TS2345: Argument of type 'DataRow[]' is not assignable to parameter of type 'SetStateAction<DataRow[]>'.
  Type 'DataRow[]' is not assignable to type 'DataRow[]'. Two different types with this name exist, but they are unrelated.
    Type 'DataRow' is missing the following properties from type 'DataRow': 'Order Date', 'Sales', 'Profit', 'Sub-Category', and 8 more.
src/components/D3Chart.tsx(16,5): error TS2304: Cannot find name 'd3'.
src/components/D3Chart.tsx(19,11): error TS6133: 'svg' is declared but its value is never read.
src/components/D3Chart.tsx(19,17): error TS2304: Cannot find name 'd3'.
src/components/LineChart.tsx(2,21): error TS7016: Could not find a declaration file for module 'd3'. '/root/autodl-tmp/chi26-image2code/samples/glm/tableau_dashboard_refine5_391/node_modules/d3/src/index.js' implicitly has an 'any' type.
  Try `npm i --save-dev @types/d3` if it exists or add a new declaration (.d.ts) file containing `declare module 'd3';`
src/components/LineChart.tsx(3,10): error TS2614: Module '""./D3Chart""' has no exported member 'D3Chart'. Did you mean to use 'import D3Chart from ""./D3Chart""' instead?
src/components/LineChart.tsx(26,7): error TS7006: Parameter 'v' implicitly has an 'any' type.
src/components/LineChart.tsx(26,22): error TS7006: Parameter 'd' implicitly has an 'any' type.
src/components/LineChart.tsx(27,7): error TS7006: Parameter 'd' implicitly has an 'any' type.
src/components/LineChart.tsx(53,38): error TS7006: Parameter 'd' implicitly has an 'any' type.
src/components/LineChart.tsx(58,39): error TS7006: Parameter 'd' implicitly has an 'any' type.
src/components/LineChart.tsx(72,10): error TS7006: Parameter 'd' implicitly has an 'any' type.
src/components/LineChart.tsx(73,10): error TS7006: Parameter 'd' implicitly has an 'any' type.
src/components/LineChart.tsx(87,19): error TS7006: Parameter 'd' implicitly has an 'any' type.
src/components/LineChart.tsx(88,19): error TS7006: Parameter 'd' implicitly has an 'any' type.
src/components/SalesBySubCategoryChart.tsx(2,21): error TS7016: Could not find a declaration file for module 'd3'. '/root/autodl-tmp/chi26-image2code/samples/glm/tableau_dashboard_refine5_391/node_modules/d3/src/index.js' implicitly has an 'any' type.
  Try `npm i --save-dev @types/d3` if it exists or add a new declaration (.d.ts) file containing `declare module 'd3';`
src/components/SalesBySubCategoryChart.tsx(3,10): error TS2614: Module '""./D3Chart""' has no exported member 'D3Chart'. Did you mean to use 'import D3Chart from ""./D3Chart""' instead?
src/components/SalesBySubCategoryChart.tsx(26,7): error TS7006: Parameter 'v' implicitly has an 'any' type.
src/components/SalesBySubCategoryChart.tsx(26,22): error TS7006: Parameter 'd' implicitly has an 'any' type.
src/components/SalesBySubCategoryChart.tsx(27,7): error TS7006: Parameter 'd' implicitly has an 'any' type.
src/components/SalesBySubCategoryChart.tsx(53,43): error TS7006: Parameter 'd' implicitly has an 'any' type.
src/components/SalesBySubCategoryChart.tsx(70,18): error TS7006: Parameter 'd' implicitly has an 'any' type.
src/components/SalesBySubCategoryChart.tsx(73,22): error TS7006: Parameter 'd' implicitly has an 'any' type.
src/components/SalesBySubCategoryChart.tsx(81,18): error TS7006: Parameter 'd' implicitly has an 'any' type.
src/components/SalesBySubCategoryChart.tsx(82,18): error TS7006: Parameter 'd' implicitly has an 'any' type.
src/components/SalesBySubCategoryChart.tsx(84,13): error TS7006: Parameter 'd' implicitly has an 'any' type.
src/components/ScatterPlotChart.tsx(2,21): error TS7016: Could not find a declaration file for module 'd3'. '/root/autodl-tmp/chi26-image2code/samples/glm/tableau_dashboard_refine5_391/node_modules/d3/src/index.js' implicitly has an 'any' type.
  Try `npm i --save-dev @types/d3` if it exists or add a new declaration (.d.ts) file containing `declare module 'd3';`
src/components/ScatterPlotChart.tsx(3,10): error TS2614: Module '""./D3Chart""' has no exported member 'D3Chart'. Did you mean to use 'import D3Chart from ""./D3Chart""' instead?
src/components/ScatterPlotChart.tsx(41,37): error TS7006: Parameter 'd' implicitly has an 'any' type.
src/components/ScatterPlotChart.tsx(46,34): error TS7006: Parameter 'd' implicitly has an 'any' type.
src/components/ScatterPlotChart.tsx(46,78): error TS7006: Parameter 'd' implicitly has an 'any' type.
src/components/ScatterPlotChart.tsx(78,19): error TS7006: Parameter 'd' implicitly has an 'any' type.
src/components/ScatterPlotChart.tsx(79,19): error TS7006: Parameter 'd' implicitly has an 'any' type.
src/components/ScatterPlotChart.tsx(86,10): error TS7006: Parameter 'd' implicitly has an 'any' type.
src/components/ScatterPlotChart.tsx(87,10): error TS7006: Parameter 'd' implicitly has an 'any' type.
src/components/ScatterPlotChart.tsx(90,39): error TS7006: Parameter 'd' implicitly has an 'any' type.
src/components/ScatterPlotChart.tsx(91,43): error TS7006: Parameter 'd' implicitly has an 'any' type.
src/components/TotalSalesByYearChart.tsx(2,21): error TS7016: Could not find a declaration file for module 'd3'. '/root/autodl-tmp/chi26-image2code/samples/glm/tableau_dashboard_refine5_391/node_modules/d3/src/index.js' implicitly has an 'any' type.
  Try `npm i --save-dev @types/d3` if it exists or add a new declaration (.d.ts) file containing `declare module 'd3';`
src/components/TotalSalesByYearChart.tsx(3,10): error TS2614: Module '""./D3Chart""' has no exported member 'D3Chart'. Did you mean to use 'import D3Chart from ""./D3Chart""' instead?
src/components/TotalSalesByYearChart.tsx(26,7): error TS7006: Parameter 'v' implicitly has an 'any' type.
src/components/TotalSalesByYearChart.tsx(26,22): error TS7006: Parameter 'd' implicitly has an 'any' type.
src/components/TotalSalesByYearChart.tsx(27,7): error TS7006: Parameter 'd' implicitly has an 'any' type.
src/components/TotalSalesByYearChart.tsx(47,35): error TS7006: Parameter 'd' implicitly has an 'any' type.
src/components/TotalSalesByYearChart.tsx(52,36): error TS7006: Parameter 'd' implicitly has an 'any' type.
src/components/TotalSalesByYearChart.tsx(66,10): error TS7006: Parameter 'd' implicitly has an 'any' type.
src/components/TotalSalesByYearChart.tsx(67,10): error TS7006: Parameter 'd' implicitly has an 'any' type.
src/components/TotalSalesByYearChart.tsx(81,19): error TS7006: Parameter 'd' implicitly has an 'any' type.
src/components/TotalSalesByYearChart.tsx(82,19): error TS7006: Parameter 'd' implicitly has an 'any' type.
src/utils/dataLoader.ts(1,1): error TS6192: All imports in import declaration are unused.
"
glm,tableau_dashboard_refine5_405,/root/autodl-tmp/chi26-image2code/samples/glm/tableau_dashboard_refine5_405,error,,,,,"reference episode compilation failed: Build failed for /root/autodl-tmp/chi26-image2code/samples/ours/tableau_dashboard_refine5_405:

> vite_template_tmp@0.0.0 build
> tsc -b && vite build

scripts/tableau-source-validator.ts(212,7): error TS2322: Type 'unknown[]' is not assignable to type 'Record<string, string | number>[]'.
  Type 'unknown' is not assignable to type 'Record<string, string | number>'.
    Index signature for type 'string' is missing in type '{}'.
scripts/tableau-source-validator.ts(422,9): error TS2561: Object literal may only specify known properties, but 'valid_rows' does not exist in type '{ name: string; validRows: number; hasData: boolean; }'. Did you mean to write 'validRows'?
scripts/validate-data-ingestion.ts(125,13): error TS2367: This comparison appears to be unintentional because the types '""Quotes"" | ""Delimiter"" | ""FieldMismatch""' and '""error""' have no overlap.
scripts/validate-data-ingestion.ts(168,35): error TS2304: Cannot find name 'idx'.
scripts/validate-data-ingestion.ts(178,33): error TS2769: No overload matches this call.
  Overload 1 of 4, '(value: string | number | Date): Date', gave the following error.
    Argument of type 'unknown' is not assignable to parameter of type 'string | number | Date'.
  Overload 2 of 4, '(value: string | number): Date', gave the following error.
    Argument of type 'unknown' is not assignable to parameter of type 'string | number'.
scripts/validate-data-ingestion.ts(180,35): error TS2304: Cannot find name 'idx'.
scripts/validate-data-ingestion.ts(212,34): error TS2769: No overload matches this call.
  Overload 1 of 4, '(value: string | number | Date): Date', gave the following error.
    Argument of type 'unknown' is not assignable to parameter of type 'string | number | Date'.
  Overload 2 of 4, '(value: string | number): Date', gave the following error.
    Argument of type 'unknown' is not assignable to parameter of type 'string | number'.
"
glm,tableau_dashboard_refine5_415,/root/autodl-tmp/chi26-image2code/samples/glm/tableau_dashboard_refine5_415,error,,,,,"Build failed for /root/autodl-tmp/chi26-image2code/samples/glm/tableau_dashboard_refine5_415:

> tableau_dashboard_refine5_415@0.0.0 build
> tsc -b && vite build

src/App.tsx(1,38): error TS6133: 'useMemo' is declared but its value is never read.
src/App.tsx(2,21): error TS7016: Could not find a declaration file for module 'd3'. '/root/autodl-tmp/chi26-image2code/samples/glm/tableau_dashboard_refine5_415/node_modules/d3/src/index.js' implicitly has an 'any' type.
  Try `npm i --save-dev @types/d3` if it exists or add a new declaration (.d.ts) file containing `declare module 'd3';`
src/App.tsx(60,41): error TS7006: Parameter 'd' implicitly has an 'any' type.
src/App.tsx(64,42): error TS7006: Parameter 'd' implicitly has an 'any' type.
src/App.tsx(68,10): error TS7006: Parameter 'd' implicitly has an 'any' type.
src/App.tsx(69,10): error TS7006: Parameter 'd' implicitly has an 'any' type.
src/App.tsx(72,10): error TS7006: Parameter 'd' implicitly has an 'any' type.
src/App.tsx(73,10): error TS7006: Parameter 'd' implicitly has an 'any' type.
src/App.tsx(130,32): error TS7006: Parameter 'd' implicitly has an 'any' type.
src/App.tsx(134,32): error TS7006: Parameter 'd' implicitly has an 'any' type.
src/App.tsx(141,19): error TS7006: Parameter 'd' implicitly has an 'any' type.
src/App.tsx(142,19): error TS7006: Parameter 'd' implicitly has an 'any' type.
src/App.tsx(193,7): error TS7006: Parameter 'v' implicitly has an 'any' type.
src/App.tsx(193,22): error TS7006: Parameter 'd' implicitly has an 'any' type.
src/App.tsx(194,7): error TS7006: Parameter 'd' implicitly has an 'any' type.
src/App.tsx(206,38): error TS7006: Parameter 'd' implicitly has an 'any' type.
src/App.tsx(213,18): error TS7006: Parameter 'd' implicitly has an 'any' type.
src/App.tsx(215,18): error TS7006: Parameter 'd' implicitly has an 'any' type.
src/App.tsx(216,23): error TS7006: Parameter 'd' implicitly has an 'any' type.
src/App.tsx(261,7): error TS7006: Parameter 'v' implicitly has an 'any' type.
src/App.tsx(261,22): error TS7006: Parameter 'd' implicitly has an 'any' type.
src/App.tsx(262,7): error TS7006: Parameter 'd' implicitly has an 'any' type.
src/App.tsx(274,38): error TS7006: Parameter 'd' implicitly has an 'any' type.
src/App.tsx(281,18): error TS7006: Parameter 'd' implicitly has an 'any' type.
src/App.tsx(283,18): error TS7006: Parameter 'd' implicitly has an 'any' type.
src/App.tsx(284,23): error TS7006: Parameter 'd' implicitly has an 'any' type.
"
glm,tableau_dashboard_refine5_425,/root/autodl-tmp/chi26-image2code/samples/glm/tableau_dashboard_refine5_425,error,,,,,"Build failed for /root/autodl-tmp/chi26-image2code/samples/glm/tableau_dashboard_refine5_425:

> tableau_dashboard_refine5_425@0.0.0 build
> tsc && vite build

failed to load config from /root/autodl-tmp/chi26-image2code/samples/glm/tableau_dashboard_refine5_425/vite.config.ts
error during build:
Error [ERR_MODULE_NOT_FOUND]: Cannot find package '@vitejs/plugin-react' imported from /root/autodl-tmp/chi26-image2code/samples/glm/tableau_dashboard_refine5_425/vite.config.ts.timestamp-1775018569868-be4b276299c93.mjs
    at packageResolve (node:internal/modules/esm/resolve:873:9)
    at moduleResolve (node:internal/modules/esm/resolve:946:18)
    at defaultResolve (node:internal/modules/esm/resolve:1188:11)
    at ModuleLoader.defaultResolve (node:internal/modules/esm/loader:708:12)
    at #cachedDefaultResolve (node:internal/modules/esm/loader:657:25)
    at ModuleLoader.resolve (node:internal/modules/esm/loader:640:38)
    at ModuleLoader.getModuleJobForImport (node:internal/modules/esm/loader:264:38)
    at ModuleJob._link (node:internal/modules/esm/module_job:168:49)
"
glm,tableau_dashboard_refine5_451,/root/autodl-tmp/chi26-image2code/samples/glm/tableau_dashboard_refine5_451,error,,,,,"Page.wait_for_selector: Timeout 15000ms exceeded.
Call log:
  - waiting for locator(""svg, canvas"") to be visible
"
glm,tableau_dashboard_refine5_455,/root/autodl-tmp/chi26-image2code/samples/glm/tableau_dashboard_refine5_455,error,,,,,"Page.wait_for_selector: Timeout 15000ms exceeded.
Call log:
  - waiting for locator(""svg, canvas"") to be visible
"
glm,tableau_dashboard_refine5_460,/root/autodl-tmp/chi26-image2code/samples/glm/tableau_dashboard_refine5_460,error,,,,,"Dependency install failed for /root/autodl-tmp/chi26-image2code/samples/glm/tableau_dashboard_refine5_460:
npm error code ETARGET
npm error notarget No matching version found for @types/tailwindcss@^3.4.0.
npm error notarget In most cases you or one of your dependencies are requesting
npm error notarget a package version that doesn't exist.
npm error A complete log of this run can be found in: /root/.npm/_logs/2026-04-01T04_43_26_941Z-debug-0.log
"
glm,tableau_dashboard_refine5_483,/root/autodl-tmp/chi26-image2code/samples/glm/tableau_dashboard_refine5_483,error,,,,,"Page.wait_for_selector: Timeout 15000ms exceeded.
Call log:
  - waiting for locator(""svg, canvas"") to be visible
"
glm,tableau_dashboard_refine5_495,/root/autodl-tmp/chi26-image2code/samples/glm/tableau_dashboard_refine5_495,error,,,,,"Build failed for /root/autodl-tmp/chi26-image2code/samples/glm/tableau_dashboard_refine5_495:

> tableau_dashboard_refine5_495@1.0.0 build
> tsc && vite build

tsconfig.json(24,18): error TS6306: Referenced project '/root/autodl-tmp/chi26-image2code/samples/glm/tableau_dashboard_refine5_495/tsconfig.node.json' must have setting ""composite"": true.
tsconfig.json(24,18): error TS6310: Referenced project '/root/autodl-tmp/chi26-image2code/samples/glm/tableau_dashboard_refine5_495/tsconfig.node.json' may not disable emit.
"
glm,tableau_dashboard_refine5_505,/root/autodl-tmp/chi26-image2code/samples/glm/tableau_dashboard_refine5_505,error,,,,,"Build failed for /root/autodl-tmp/chi26-image2code/samples/glm/tableau_dashboard_refine5_505:

> tableau_dashboard_refine5_505@0.0.0 build
> tsc -b && vite build

src/App.tsx(2,10): error TS2614: Module '""./components/D3ChartContainer""' has no exported member 'D3ChartContainer'. Did you mean to use 'import D3ChartContainer from ""./components/D3ChartContainer""' instead?
src/App.tsx(3,10): error TS2614: Module '""./components/LineChart""' has no exported member 'LineChart'. Did you mean to use 'import LineChart from ""./components/LineChart""' instead?
src/App.tsx(4,10): error TS2614: Module '""./components/ScatterPlot""' has no exported member 'ScatterPlot'. Did you mean to use 'import ScatterPlot from ""./components/ScatterPlot""' instead?
src/App.tsx(5,10): error TS2614: Module '""./components/HorizontalBarChart""' has no exported member 'HorizontalBarChart'. Did you mean to use 'import HorizontalBarChart from ""./components/HorizontalBarChart""' instead?
src/App.tsx(6,1): error TS6133: 'DataProvider' is declared but its value is never read.
src/App.tsx(6,10): error TS2614: Module '""./components/DataProvider""' has no exported member 'DataProvider'. Did you mean to use 'import DataProvider from ""./components/DataProvider""' instead?
src/App.tsx(9,11): error TS6196: 'WorksheetData' is declared but never used.
src/components/D3ChartContainer.tsx(51,7): error TS2349: This expression is not callable.
  Type 'never' has no call signatures.
src/components/ScatterPlot.tsx(94,36): error TS18046: 'd' is of type 'unknown'.
src/components/ScatterPlot.tsx(94,75): error TS18046: 'd' is of type 'unknown'.
src/components/ScatterPlot.tsx(98,32): error TS6133: 'd' is declared but its value is never read.
"
glm,tableau_dashboard_refine5_520,/root/autodl-tmp/chi26-image2code/samples/glm/tableau_dashboard_refine5_520,error,,,,,"Build failed for /root/autodl-tmp/chi26-image2code/samples/glm/tableau_dashboard_refine5_520:

> tableau_dashboard_refine5_520@0.0.0 build
> tsc -b && vite build

src/App.tsx(2,10): error TS2614: Module '""./components/D3Chart""' has no exported member 'D3Chart'. Did you mean to use 'import D3Chart from ""./components/D3Chart""' instead?
src/App.tsx(3,10): error TS2614: Module '""./components/CustomerOverview""' has no exported member 'CustomerOverview'. Did you mean to use 'import CustomerOverview from ""./components/CustomerOverview""' instead?
src/App.tsx(4,10): error TS2614: Module '""./components/SalesLineChart""' has no exported member 'SalesLineChart'. Did you mean to use 'import SalesLineChart from ""./components/SalesLineChart""' instead?
src/App.tsx(5,10): error TS2614: Module '""./components/ScatterPlot""' has no exported member 'ScatterPlot'. Did you mean to use 'import ScatterPlot from ""./components/ScatterPlot""' instead?
src/components/D3Chart.tsx(68,11): error TS6133: 'xAxis' is declared but its value is never read.
src/components/D3Chart.tsx(70,8): error TS2554: Expected 2 arguments, but got 1.
src/components/D3Chart.tsx(70,55): error TS2769: No overload matches this call.
  Overload 1 of 3, '(format: null): Axis<Date | NumberValue>', gave the following error.
    Argument of type '(date: Date) => string' is not assignable to parameter of type 'null'.
  Overload 2 of 3, '(format: (domainValue: Date | NumberValue, index: number) => string): Axis<Date | NumberValue>', gave the following error.
    Argument of type '(date: Date) => string' is not assignable to parameter of type '(domainValue: Date | NumberValue, index: number) => string'.
      Types of parameters 'date' and 'domainValue' are incompatible.
        Type 'Date | NumberValue' is not assignable to type 'Date'.
          Type 'number' is not assignable to type 'Date'.
src/components/D3Chart.tsx(74,11): error TS6133: 'yAxis' is declared but its value is never read.
src/components/SalesLineChart.tsx(65,11): error TS6133: 'xAxis' is declared but its value is never read.
src/components/SalesLineChart.tsx(71,11): error TS6133: 'yAxis' is declared but its value is never read.
src/components/SalesLineChart.tsx(72,62): error TS2362: The left-hand side of an arithmetic operation must be of type 'any', 'number', 'bigint' or an enum type.
src/components/ScatterPlot.tsx(51,21): error TS2345: Argument of type '(this: SVGCircleElement, d: any) => unknown' is not assignable to parameter of type 'string | number | boolean | readonly (string | number)[] | ValueFn<SVGCircleElement, any, string | number | boolean | readonly (string | number)[] | null> | null'.
  Type '(this: SVGCircleElement, d: any) => unknown' is not assignable to type 'ValueFn<SVGCircleElement, any, string | number | boolean | readonly (string | number)[] | null>'.
    Type 'unknown' is not assignable to type 'string | number | boolean | readonly (string | number)[] | null'.
src/components/ScatterPlot.tsx(55,11): error TS6133: 'xAxis' is declared but its value is never read.
src/components/ScatterPlot.tsx(57,64): error TS2362: The left-hand side of an arithmetic operation must be of type 'any', 'number', 'bigint' or an enum type.
src/components/ScatterPlot.tsx(61,11): error TS6133: 'yAxis' is declared but its value is never read.
src/components/ScatterPlot.tsx(62,64): error TS2339: Property 'toFixed' does not exist on type 'NumberValue'.
  Property 'toFixed' does not exist on type '{ valueOf(): number; }'.
src/components/ScatterPlot.tsx(92,23): error TS2345: Argument of type 'unknown' is not assignable to parameter of type 'string | number | boolean | readonly (string | number)[] | ValueFn<SVGCircleElement, unknown, string | number | boolean | readonly (string | number)[] | null> | null'.
"
glm,tableau_dashboard_refine5_555,/root/autodl-tmp/chi26-image2code/samples/glm/tableau_dashboard_refine5_555,error,,,,,"Build failed for /root/autodl-tmp/chi26-image2code/samples/glm/tableau_dashboard_refine5_555:

> tableau_dashboard_refine5_555@0.0.0 build
> tsc -b && vite build

src/App.tsx(26,14): error TS6133: 'err' is declared but its value is never read.
src/utils/dataLoader.ts(38,15): error TS7006: Parameter 'error' implicitly has an 'any' type.
"
glm,tableau_dashboard_refine5_565,/root/autodl-tmp/chi26-image2code/samples/glm/tableau_dashboard_refine5_565,error,,,,,"Build failed for /root/autodl-tmp/chi26-image2code/samples/glm/tableau_dashboard_refine5_565:

> tableau_dashboard_refine5_565@0.0.0 build
> tsc -b && vite build

src/App.tsx(1,8): error TS6133: 'React' is declared but its value is never read.
src/dataService.ts(1,23): error TS2307: Cannot find module 'papaparse' or its corresponding type declarations.
src/dataService.ts(28,18): error TS7006: Parameter 'results' implicitly has an 'any' type.
src/dataService.ts(38,15): error TS7006: Parameter 'error' implicitly has an 'any' type.
"
glm,tableau_dashboard_refine5_586,/root/autodl-tmp/chi26-image2code/samples/glm/tableau_dashboard_refine5_586,error,,,,,"Build failed for /root/autodl-tmp/chi26-image2code/samples/glm/tableau_dashboard_refine5_586:

> tableau_dashboard_refine5_586@0.0.1 build
> tsc -b && vite build

src/components/HorizontalBarChart.tsx(61,8): error TS2554: Expected 2 arguments, but got 1.
src/components/HorizontalBarChart.tsx(63,21): error TS2769: No overload matches this call.
  Overload 1 of 3, '(format: null): Axis<NumberValue>', gave the following error.
    Argument of type '""""' is not assignable to parameter of type 'null'.
  Overload 2 of 3, '(format: (domainValue: NumberValue, index: number) => string): Axis<NumberValue>', gave the following error.
    Argument of type 'string' is not assignable to parameter of type '(domainValue: NumberValue, index: number) => string'.
src/components/SalesBySubCategory.tsx(61,8): error TS2554: Expected 2 arguments, but got 1.
src/components/SalesBySubCategory.tsx(63,21): error TS2769: No overload matches this call.
  Overload 1 of 3, '(format: null): Axis<NumberValue>', gave the following error.
    Argument of type '""""' is not assignable to parameter of type 'null'.
  Overload 2 of 3, '(format: (domainValue: NumberValue, index: number) => string): Axis<NumberValue>', gave the following error.
    Argument of type 'string' is not assignable to parameter of type '(domainValue: NumberValue, index: number) => string'.
src/components/ScatterPlot.tsx(60,8): error TS2554: Expected 2 arguments, but got 1.
src/components/ScatterPlot.tsx(62,21): error TS2769: No overload matches this call.
  Overload 1 of 3, '(format: null): Axis<NumberValue>', gave the following error.
    Argument of type '""""' is not assignable to parameter of type 'null'.
  Overload 2 of 3, '(format: (domainValue: NumberValue, index: number) => string): Axis<NumberValue>', gave the following error.
    Argument of type 'string' is not assignable to parameter of type '(domainValue: NumberValue, index: number) => string'.
src/components/ScatterPlot.tsx(68,8): error TS2554: Expected 2 arguments, but got 1.
src/components/ScatterPlot.tsx(70,21): error TS2769: No overload matches this call.
  Overload 1 of 3, '(format: null): Axis<NumberValue>', gave the following error.
    Argument of type '""""' is not assignable to parameter of type 'null'.
  Overload 2 of 3, '(format: (domainValue: NumberValue, index: number) => string): Axis<NumberValue>', gave the following error.
    Argument of type 'string' is not assignable to parameter of type '(domainValue: NumberValue, index: number) => string'.
"
glm,tableau_dashboard_refine5_603,/root/autodl-tmp/chi26-image2code/samples/glm/tableau_dashboard_refine5_603,error,,,,,"Dependency install failed for /root/autodl-tmp/chi26-image2code/samples/glm/tableau_dashboard_refine5_603:
npm error code ETARGET
npm error notarget No matching version found for d3-line@^3.0.0.
npm error notarget In most cases you or one of your dependencies are requesting
npm error notarget a package version that doesn't exist.
npm error A complete log of this run can be found in: /root/.npm/_logs/2026-04-01T04_44_17_326Z-debug-0.log
"
glm,tableau_dashboard_refine_334,/root/autodl-tmp/chi26-image2code/samples/glm/tableau_dashboard_refine_334,error,,,,,"Build failed for /root/autodl-tmp/chi26-image2code/samples/glm/tableau_dashboard_refine_334:

> tableau_dashboard_refine_334@0.0.0 build
> tsc -b && vite build

src/App.tsx(2,1): error TS6133: 'd3' is declared but its value is never read.
src/App.tsx(2,21): error TS7016: Could not find a declaration file for module 'd3'. '/root/autodl-tmp/chi26-image2code/samples/glm/tableau_dashboard_refine_334/node_modules/d3/src/index.js' implicitly has an 'any' type.
  Try `npm i --save-dev @types/d3` if it exists or add a new declaration (.d.ts) file containing `declare module 'd3';`
src/App.tsx(225,30): error TS6133: 'index' is declared but its value is never read.
"
glm,tableau_dashboard_refine_5198,/root/autodl-tmp/chi26-image2code/samples/glm/tableau_dashboard_refine_5198,error,,,,,"Build failed for /root/autodl-tmp/chi26-image2code/samples/glm/tableau_dashboard_refine_5198:

> tableau_dashboard_refine_5198@0.0.0 build
> tsc -b && vite build

src/components/ChartContainer.tsx(2,10): error TS1484: 'ChartData' is a type and must be imported using a type-only import when 'verbatimModuleSyntax' is enabled.
src/components/ChartContainer.tsx(20,3): error TS6133: 'selectedItems' is declared but its value is never read.
src/components/ChartContainer.tsx(21,3): error TS6133: 'highlightedItems' is declared but its value is never read.
src/components/ChartContainer.tsx(29,9): error TS6133: 'handleItemClick' is declared but its value is never read.
src/components/ChartContainer.tsx(35,9): error TS6133: 'handleItemHover' is declared but its value is never read.
src/components/CustomTableView.tsx(1,10): error TS6133: 'useState' is declared but its value is never read.
src/components/CustomTableView.tsx(2,21): error TS7016: Could not find a declaration file for module 'd3'. '/root/autodl-tmp/chi26-image2code/samples/glm/tableau_dashboard_refine_5198/node_modules/d3/src/index.js' implicitly has an 'any' type.
  Try `npm i --save-dev @types/d3` if it exists or add a new declaration (.d.ts) file containing `declare module 'd3';`
src/components/CustomTableView.tsx(3,10): error TS1484: 'ChartData' is a type and must be imported using a type-only import when 'verbatimModuleSyntax' is enabled.
src/components/CustomTableView.tsx(37,13): error TS7006: Parameter 'd' implicitly has an 'any' type.
src/components/CustomTableView.tsx(48,34): error TS7006: Parameter 'd' implicitly has an 'any' type.
src/components/CustomTableView.tsx(53,29): error TS6133: 'event' is declared but its value is never read.
src/components/CustomTableView.tsx(53,29): error TS7006: Parameter 'event' implicitly has an 'any' type.
src/components/CustomTableView.tsx(53,36): error TS7006: Parameter 'd' implicitly has an 'any' type.
src/components/CustomTableView.tsx(56,33): error TS6133: 'event' is declared but its value is never read.
src/components/CustomTableView.tsx(56,33): error TS7006: Parameter 'event' implicitly has an 'any' type.
src/components/CustomTableView.tsx(56,40): error TS7006: Parameter 'd' implicitly has an 'any' type.
src/components/CustomTableView.tsx(58,19): error TS2683: 'this' implicitly has type 'any' because it does not have a type annotation.
src/components/CustomTableView.tsx(60,32): error TS6133: 'event' is declared but its value is never read.
src/components/CustomTableView.tsx(60,32): error TS7006: Parameter 'event' implicitly has an 'any' type.
src/components/CustomTableView.tsx(60,39): error TS7006: Parameter 'd' implicitly has an 'any' type.
src/components/CustomTableView.tsx(62,21): error TS2683: 'this' implicitly has type 'any' because it does not have a type annotation.
src/components/CustomTableView.tsx(66,13): error TS7006: Parameter 'd' implicitly has an 'any' type.
src/components/CustomTableView.tsx(69,13): error TS7006: Parameter 'd' implicitly has an 'any' type.
src/components/CustomTableView.tsx(72,29): error TS6133: 'd' is declared but its value is never read.
src/components/CustomTableView.tsx(72,29): error TS7006: Parameter 'd' implicitly has an 'any' type.
src/components/CustomTableView.tsx(72,32): error TS7006: Parameter 'i' implicitly has an 'any' type.
src/components/HorizontalBarChart.tsx(1,10): error TS6133: 'useState' is declared but its value is never read.
src/components/HorizontalBarChart.tsx(2,21): error TS7016: Could not find a declaration file for module 'd3'. '/root/autodl-tmp/chi26-image2code/samples/glm/tableau_dashboard_refine_5198/node_modules/d3/src/index.js' implicitly has an 'any' type.
  Try `npm i --save-dev @types/d3` if it exists or add a new declaration (.d.ts) file containing `declare module 'd3';`
src/components/HorizontalBarChart.tsx(3,10): error TS1484: 'ChartData' is a type and must be imported using a type-only import when 'verbatimModuleSyntax' is enabled.
src/components/HorizontalBarChart.tsx(47,32): error TS7006: Parameter 'd' implicitly has an 'any' type.
src/components/HorizontalBarChart.tsx(62,18): error TS7006: Parameter 'd' implicitly has an 'any' type.
src/components/HorizontalBarChart.tsx(63,22): error TS7006: Parameter 'd' implicitly has an 'any' type.
src/components/HorizontalBarChart.tsx(65,21): error TS7006: Parameter 'd' implicitly has an 'any' type.
src/components/HorizontalBarChart.tsx(70,29): error TS6133: 'event' is declared but its value is never read.
src/components/HorizontalBarChart.tsx(70,29): error TS7006: Parameter 'event' implicitly has an 'any' type.
src/components/HorizontalBarChart.tsx(70,36): error TS7006: Parameter 'd' implicitly has an 'any' type.
src/components/HorizontalBarChart.tsx(73,33): error TS6133: 'event' is declared but its value is never read.
src/components/HorizontalBarChart.tsx(73,33): error TS7006: Parameter 'event' implicitly has an 'any' type.
src/components/HorizontalBarChart.tsx(73,40): error TS7006: Parameter 'd' implicitly has an 'any' type.
src/components/HorizontalBarChart.tsx(75,19): error TS2683: 'this' implicitly has type 'any' because it does not have a type annotation.
src/components/HorizontalBarChart.tsx(77,32): error TS6133: 'event' is declared but its value is never read.
src/components/HorizontalBarChart.tsx(77,32): error TS7006: Parameter 'event' implicitly has an 'any' type.
src/components/HorizontalBarChart.tsx(77,39): error TS7006: Parameter 'd' implicitly has an 'any' type.
src/components/HorizontalBarChart.tsx(79,21): error TS2683: 'this' implicitly has type 'any' because it does not have a type annotation.
src/components/HorizontalBarChart.tsx(89,18): error TS7006: Parameter 'd' implicitly has an 'any' type.
src/components/HorizontalBarChart.tsx(90,18): error TS7006: Parameter 'd' implicitly has an 'any' type.
src/components/HorizontalBarChart.tsx(92,13): error TS7006: Parameter 'd' implicitly has an 'any' type.
src/components/VerticalBarChart.tsx(1,10): error TS6133: 'useState' is declared but its value is never read.
src/components/VerticalBarChart.tsx(2,21): error TS7016: Could not find a declaration file for module 'd3'. '/root/autodl-tmp/chi26-image2code/samples/glm/tableau_dashboard_refine_5198/node_modules/d3/src/index.js' implicitly has an 'any' type.
  Try `npm i --save-dev @types/d3` if it exists or add a new declaration (.d.ts) file containing `declare module 'd3';`
src/components/VerticalBarChart.tsx(3,10): error TS1484: 'ChartData' is a type and must be imported using a type-only import when 'verbatimModuleSyntax' is enabled.
src/components/VerticalBarChart.tsx(52,32): error TS7006: Parameter 'd' implicitly has an 'any' type.
src/components/VerticalBarChart.tsx(61,18): error TS7006: Parameter 'd' implicitly has an 'any' type.
src/components/VerticalBarChart.tsx(62,18): error TS7006: Parameter 'd' implicitly has an 'any' type.
src/components/VerticalBarChart.tsx(64,23): error TS7006: Parameter 'd' implicitly has an 'any' type.
src/components/VerticalBarChart.tsx(65,21): error TS7006: Parameter 'd' implicitly has an 'any' type.
src/components/VerticalBarChart.tsx(70,29): error TS6133: 'event' is declared but its value is never read.
src/components/VerticalBarChart.tsx(70,29): error TS7006: Parameter 'event' implicitly has an 'any' type.
src/components/VerticalBarChart.tsx(70,36): error TS7006: Parameter 'd' implicitly has an 'any' type.
src/components/VerticalBarChart.tsx(73,33): error TS6133: 'event' is declared but its value is never read.
src/components/VerticalBarChart.tsx(73,33): error TS7006: Parameter 'event' implicitly has an 'any' type.
src/components/VerticalBarChart.tsx(73,40): error TS7006: Parameter 'd' implicitly has an 'any' type.
src/components/VerticalBarChart.tsx(75,19): error TS2683: 'this' implicitly has type 'any' because it does not have a type annotation.
src/components/VerticalBarChart.tsx(77,32): error TS6133: 'event' is declared but its value is never read.
src/components/VerticalBarChart.tsx(77,32): error TS7006: Parameter 'event' implicitly has an 'any' type.
src/components/VerticalBarChart.tsx(77,39): error TS7006: Parameter 'd' implicitly has an 'any' type.
src/components/VerticalBarChart.tsx(79,21): error TS2683: 'this' implicitly has type 'any' because it does not have a type annotation.
src/components/VerticalBarChart.tsx(89,18): error TS7006: Parameter 'd' implicitly has an 'any' type.
src/components/VerticalBarChart.tsx(90,18): error TS7006: Parameter 'd' implicitly has an 'any' type.
src/components/VerticalBarChart.tsx(92,13): error TS7006: Parameter 'd' implicitly has an 'any' type.
src/hooks/useData.ts(2,23): error TS6133: 'aggregateDataByLabel' is declared but its value is never read.
src/hooks/useData.ts(3,10): error TS1484: 'TweetData' is a type and must be imported using a type-only import when 'verbatimModuleSyntax' is enabled.
src/hooks/useData.ts(3,21): error TS1484: 'ChartData' is a type and must be imported using a type-only import when 'verbatimModuleSyntax' is enabled.
src/hooks/useData.ts(3,21): error TS6133: 'ChartData' is declared but its value is never read.
src/hooks/useData.ts(3,32): error TS1484: 'WorksheetData' is a type and must be imported using a type-only import when 'verbatimModuleSyntax' is enabled.
src/utils/dataLoader.ts(1,10): error TS1484: 'TweetData' is a type and must be imported using a type-only import when 'verbatimModuleSyntax' is enabled.
src/utils/dataLoader.ts(56,124): error TS2304: Cannot find name 'ChartData'.
src/utils/dataLoader.ts(57,36): error TS2304: Cannot find name 'ChartData'.
src/utils/dataLoader.ts(78,114): error TS2304: Cannot find name 'ChartData'.
src/utils/dataLoader.ts(79,36): error TS2304: Cannot find name 'ChartData'.
"
glm,tableau_dashboard_refine_9517,/root/autodl-tmp/chi26-image2code/samples/glm/tableau_dashboard_refine_9517,error,,,,,"Build failed for /root/autodl-tmp/chi26-image2code/samples/glm/tableau_dashboard_refine_9517:

> tableau_dashboard_refine_9517@0.0.0 build
> tsc -b && vite build

src/components/Dashboard.tsx(18,10): error TS6133: 'peopleData' is declared but its value is never read.
src/components/Dashboard.tsx(19,10): error TS6133: 'returnsData' is declared but its value is never read.
src/components/Dashboard.tsx(218,13): error TS2322: Type '{ key: string; data: any[]; worksheetId: string; title: string; onSelect: (id: any) => void; }' is not assignable to type 'IntrinsicAttributes & HorizontalBarChartProps'.
  Property 'onSelect' does not exist on type 'IntrinsicAttributes & HorizontalBarChartProps'.
src/components/Dashboard.tsx(218,24): error TS7006: Parameter 'id' implicitly has an 'any' type.
src/components/Dashboard.tsx(228,13): error TS2322: Type '{ key: string; data: any[]; worksheetId: string; title: string; onSelect: (id: any) => void; }' is not assignable to type 'IntrinsicAttributes & SalesMapProps'.
  Property 'onSelect' does not exist on type 'IntrinsicAttributes & SalesMapProps'.
src/components/Dashboard.tsx(228,24): error TS7006: Parameter 'id' implicitly has an 'any' type.
src/components/Dashboard.tsx(239,13): error TS2322: Type '{ key: string; data: any[]; worksheetId: string; columns: string[]; title: string; onSelect: (id: any) => void; }' is not assignable to type 'IntrinsicAttributes & TableViewProps'.
  Property 'onSelect' does not exist on type 'IntrinsicAttributes & TableViewProps'.
src/components/Dashboard.tsx(239,24): error TS7006: Parameter 'id' implicitly has an 'any' type.
src/components/HorizontalBarChart.tsx(2,21): error TS7016: Could not find a declaration file for module 'd3'. '/root/autodl-tmp/chi26-image2code/samples/glm/tableau_dashboard_refine_9517/node_modules/d3/src/index.js' implicitly has an 'any' type.
  Try `npm i --save-dev @types/d3` if it exists or add a new declaration (.d.ts) file containing `declare module 'd3';`
src/components/HorizontalBarChart.tsx(54,38): error TS7006: Parameter 'd' implicitly has an 'any' type.
src/components/HorizontalBarChart.tsx(63,11): error TS6133: 'bars' is declared but its value is never read.
src/components/HorizontalBarChart.tsx(69,18): error TS7006: Parameter 'd' implicitly has an 'any' type.
src/components/HorizontalBarChart.tsx(70,22): error TS7006: Parameter 'd' implicitly has an 'any' type.
src/components/HorizontalBarChart.tsx(72,21): error TS7006: Parameter 'd' implicitly has an 'any' type.
src/components/HorizontalBarChart.tsx(84,21): error TS6133: 'event' is declared but its value is never read.
src/components/HorizontalBarChart.tsx(84,21): error TS7006: Parameter 'event' implicitly has an 'any' type.
src/components/HorizontalBarChart.tsx(84,28): error TS7006: Parameter 'd' implicitly has an 'any' type.
src/components/HorizontalBarChart.tsx(87,33): error TS6133: 'event' is declared but its value is never read.
src/components/HorizontalBarChart.tsx(87,33): error TS7006: Parameter 'event' implicitly has an 'any' type.
src/components/HorizontalBarChart.tsx(87,40): error TS6133: 'd' is declared but its value is never read.
src/components/HorizontalBarChart.tsx(87,40): error TS7006: Parameter 'd' implicitly has an 'any' type.
src/components/HorizontalBarChart.tsx(88,19): error TS2683: 'this' implicitly has type 'any' because it does not have a type annotation.
src/components/HorizontalBarChart.tsx(91,32): error TS6133: 'event' is declared but its value is never read.
src/components/HorizontalBarChart.tsx(91,32): error TS7006: Parameter 'event' implicitly has an 'any' type.
src/components/HorizontalBarChart.tsx(91,39): error TS7006: Parameter 'd' implicitly has an 'any' type.
src/components/HorizontalBarChart.tsx(92,19): error TS2683: 'this' implicitly has type 'any' because it does not have a type annotation.
src/components/HorizontalBarChart.tsx(102,18): error TS7006: Parameter 'd' implicitly has an 'any' type.
src/components/HorizontalBarChart.tsx(103,18): error TS7006: Parameter 'd' implicitly has an 'any' type.
src/components/HorizontalBarChart.tsx(105,13): error TS7006: Parameter 'd' implicitly has an 'any' type.
src/components/HorizontalBarChart.tsx(116,18): error TS7006: Parameter 'd' implicitly has an 'any' type.
src/components/HorizontalBarChart.tsx(119,13): error TS7006: Parameter 'd' implicitly has an 'any' type.
src/components/SalesMap.tsx(2,21): error TS7016: Could not find a declaration file for module 'd3'. '/root/autodl-tmp/chi26-image2code/samples/glm/tableau_dashboard_refine_9517/node_modules/d3/src/index.js' implicitly has an 'any' type.
  Try `npm i --save-dev @types/d3` if it exists or add a new declaration (.d.ts) file containing `declare module 'd3';`
src/components/SalesMap.tsx(59,38): error TS7006: Parameter 'd' implicitly has an 'any' type.
src/components/SalesMap.tsx(63,11): error TS6133: 'bars' is declared but its value is never read.
src/components/SalesMap.tsx(68,18): error TS7006: Parameter 'd' implicitly has an 'any' type.
src/components/SalesMap.tsx(69,18): error TS7006: Parameter 'd' implicitly has an 'any' type.
src/components/SalesMap.tsx(71,23): error TS7006: Parameter 'd' implicitly has an 'any' type.
src/components/SalesMap.tsx(72,21): error TS7006: Parameter 'd' implicitly has an 'any' type.
src/components/SalesMap.tsx(84,21): error TS6133: 'event' is declared but its value is never read.
src/components/SalesMap.tsx(84,21): error TS7006: Parameter 'event' implicitly has an 'any' type.
src/components/SalesMap.tsx(84,28): error TS7006: Parameter 'd' implicitly has an 'any' type.
src/components/SalesMap.tsx(87,33): error TS6133: 'event' is declared but its value is never read.
src/components/SalesMap.tsx(87,33): error TS7006: Parameter 'event' implicitly has an 'any' type.
src/components/SalesMap.tsx(87,40): error TS6133: 'd' is declared but its value is never read.
src/components/SalesMap.tsx(87,40): error TS7006: Parameter 'd' implicitly has an 'any' type.
src/components/SalesMap.tsx(88,19): error TS2683: 'this' implicitly has type 'any' because it does not have a type annotation.
src/components/SalesMap.tsx(91,32): error TS6133: 'event' is declared but its value is never read.
src/components/SalesMap.tsx(91,32): error TS7006: Parameter 'event' implicitly has an 'any' type.
src/components/SalesMap.tsx(91,39): error TS7006: Parameter 'd' implicitly has an 'any' type.
src/components/SalesMap.tsx(92,19): error TS2683: 'this' implicitly has type 'any' because it does not have a type annotation.
src/components/SalesMap.tsx(102,18): error TS7006: Parameter 'd' implicitly has an 'any' type.
src/components/SalesMap.tsx(103,18): error TS7006: Parameter 'd' implicitly has an 'any' type.
src/components/SalesMap.tsx(105,13): error TS7006: Parameter 'd' implicitly has an 'any' type.
src/components/SalesMap.tsx(115,18): error TS7006: Parameter 'd' implicitly has an 'any' type.
src/components/SalesMap.tsx(118,13): error TS7006: Parameter 'd' implicitly has an 'any' type.
src/dashboardState.tsx(1,54): error TS6133: 'useEffect' is declared but its value is never read.
src/dataLoader.ts(1,21): error TS7016: Could not find a declaration file for module 'd3'. '/root/autodl-tmp/chi26-image2code/samples/glm/tableau_dashboard_refine_9517/node_modules/d3/src/index.js' implicitly has an 'any' type.
  Try `npm i --save-dev @types/d3` if it exists or add a new declaration (.d.ts) file containing `declare module 'd3';`
src/dataLoader.ts(43,21): error TS7006: Parameter 'row' implicitly has an 'any' type.
"
